lat,long,age,gender,sin_time,cos_time
18.5589835,73.77820229999998,33,0,0.6050900843265542,0.796157013314386
18.564084,73.80270300000002,42,1,0.656389925593835,0.7544218087906259
18.5204303,73.85674370000002,19,1,0.7439016592674368,0.6682891001199663
18.567751,73.8757204,22,0,0.6820776173323867,0.7312797849894213
18.51576,73.85688979999998,18,0,0.9785444696303552,0.20603572737718767
18.5118059,73.84369459999998,21,0,0.9011577642009134,0.4334912732921055
18.4690213,73.8640944,21,1,0.805522920260268,0.5925646166751521
18.4995356,73.81470420000002,25,1,0.6507052118807238,0.7593304466642058
18.532397600000003,73.94406459999998,19,0,0.6080663930444475,0.7938861767595626
18.5116565,73.8699182,26,0,0.8853050388145076,0.46501073992935177
19.2005554,73.8594773,20,1,0.6141767232242176,0.7891685198039534
18.5709235,73.83508309999998,18,0,0.6979055458530345,0.7161898135742912
18.5204303,73.85674370000002,29,1,0.7861202700886843,0.6180735562663184
19.0948287,74.74797889999998,25,0,0.8175170324022684,0.575904420656925
18.553295,73.91099770000002,26,0,0.5966497658152881,0.8025017488781953
18.554556,73.937714,48,1,0.8687131566776861,0.49531550693985943
18.4452577,73.8610191,18,0,0.6769856022868682,0.735996259702647
18.564183,73.883881,20,1,0.489388210964973,0.8720660404857553
18.4877372,73.8704877,27,1,0.7444383541570267,0.6676911987288564
18.5463286,73.90331390000001,19,0,0.7473418618679404,0.6644397199895264
35.7079052,140.5643284,33,0,0.4674082030119392,0.8840416120054247
18.5907515,73.91099770000002,44,1,0.46573470952999224,0.8849243924420965
18.5335485,73.9311902,44,1,0.6703049486172725,0.7420857604476693
18.4464732,73.826375,46,0,0.6737542094125145,0.7389555232210647
19.1132337,73.73267750000002,30,0,0.7578313843577239,0.6524504524348618
18.532397600000003,73.94406459999998,21,0,0.445578909948203,0.895242668224304
18.532397600000003,73.94406459999998,22,0,0.6147590776986417,0.788714952557079
18.6079035,73.9466363,24,0,0.4648735374007512,0.8853770915403856
18.4502069,73.8760946,28,0,0.8745871099085253,0.48486842254559454
18.5158057,73.92716440000002,19,0,0.2749778880683554,0.9614505505086921
18.5329125,73.8547709,35,0,0.6845369405731536,0.7289781731922752
18.5330323,73.933003,72,0,0.5865269781887376,0.809929690687277
18.5204303,73.85674370000002,51,0,0.7171514093850652,0.6969173954042291
18.44788,73.857126,50,1,0.7690853973495234,0.639146033065782
18.5204303,73.85674370000002,19,1,0.7903466143967764,0.612659962060157
18.5529226,73.879711,36,0,0.5414642444416203,0.8407237786522189
19.0948287,74.74797889999998,21,0,0.4746218324174033,0.8801898182737325
18.5144313,73.86538329999998,60,0,0.8805941279201515,0.4738712714150838
18.4616438,73.87250429999997,20,1,0.35761488856356693,0.9338691511543079
18.4690213,73.8640944,55,1,0.6238404034127631,0.7815517584074653
18.5679146,73.91434319999998,55,0,0.6349789684961006,0.7725294231080315
18.528435,73.83234920000002,40,0,0.6161251825280433,0.7876482460177165
18.532397600000003,73.94406459999998,18,1,0.6812281293390189,0.73207119585274
18.5065487,73.82730819999998,80,0,0.737522685577077,0.6753223587733312
35.7079052,140.5643284,35,1,0.7686402221521367,0.6396813338607857
18.5158792,73.85803969999998,19,0,0.7248188658790712,0.688939483311689
18.512137,73.8521866,20,0,0.6339411110514921,0.7733813210304473
18.5512771,73.92098940000002,19,1,0.8309947698397928,0.5562802283911498
18.5235518,73.906346,20,0,0.7645837866312625,0.6445243464917366
18.500918,73.84705229999999,55,1,0.8068929449603276,0.5906977021905957
18.5000766,73.9623843,70,1,0.6267857790586521,0.7791916241656083
19.0948287,74.74797889999998,29,0,0.8086395316926424,0.5883044346117952
18.529846,73.914672,65,0,0.3843093160845613,0.9232043920880233
18.443059,73.815867,20,1,0.8547903206056376,0.5189735135812917
18.4469333,73.8101934,26,1,0.657991531949237,0.7530253275176714
18.5163849,73.86463990000001,19,0,0.8380331575907292,0.5456193057237914
18.5679146,73.91434319999998,21,0,0.8589997444101545,0.5119760141874709
19.096792800000006,72.8516953,26,0,0.8829477281147023,0.46947130840668594
18.4471444,73.8101999,29,0,0.41453610084970494,0.9100328681384663
18.5939432,73.94214620000002,19,0,0.5568268516353536,0.8306285916688998
18.5204303,73.85674370000002,40,0,0.5540681947535974,0.8324712821247888
18.5019469,73.86629169999998,31,0,0.4394622476874631,0.898261060526105
18.5018322,73.8635912,24,0,0.6307296856392186,0.7760026183289929
18.5944704,73.9275889,48,0,0.509632897958289,0.8603919509843384
18.5409682,73.781649,21,0,0.6861254458891167,0.7274832455139161
18.4949019,73.84411180000002,19,1,0.45377613367259184,0.8911157166772192
18.4669127,73.886173,50,1,0.7881722140229404,0.6154547595414113
18.5116565,73.8699182,19,0,0.9924837415313241,0.12237656146494671
18.4532344,73.8693452,19,0,0.8353122886238787,0.5497757547163552
26.9492999,75.8005051,39,0,0.7348920214014304,0.6781841319881493
18.4654546,73.85468209999998,19,1,0.6900020094762461,0.7238074515496109
18.5548965,73.8962994,20,1,0.5038539954694982,0.8637888348719396
18.507584,73.861999,40,0,0.6859015906414155,0.7276943094154138
20.598224,74.20325809999999,40,0,0.4375067705048131,0.8992151165113099
18.4529322,73.86523799999998,20,1,0.6550415404940982,0.7555928667127018
18.5512771,73.92098940000002,40,0,0.7816794254171586,0.6236804276867286
18.5635511,73.9325552,76,1,0.6837223078197789,0.7297422872422807
20.598224,74.20325809999999,23,0,0.5891936041017628,0.8079918915964289
18.5204303,73.85674370000002,54,0,0.8675517786127372,0.49734687233949315
18.5573422,73.8971708,50,1,0.8551200028375653,0.5184301117287483
18.5512771,73.92098940000002,19,0,0.9423283028778192,0.33468996040426585
18.5944704,73.9275889,24,1,0.7767635910919214,0.6297922860388038
18.5601649,73.8031335,70,1,0.43165274200470394,0.9020398607156008
18.4726725,73.9784573,21,0,0.9123489610191183,0.40941345034980875
18.5562145,73.9310105,28,0,0.7140029873152712,0.7001426526822007
18.5512771,73.92098940000002,50,1,0.782954327350556,0.6220791921315472
18.5330323,73.933003,18,1,0.6244012828484223,0.7811037306128069
18.597398,73.91547849999998,19,0,0.6718321656371831,0.7407034097499839
18.4726725,73.9784573,18,0,0.767815464696251,0.6406710639425509
18.4474077,73.8483676,19,0,0.7757345888232621,0.6310593060110947
18.5204303,73.85674370000002,20,0,0.504050770396977,0.8636740246541018
18.5625986,73.85235820000003,9,0,0.6422794678898867,0.7664705376771399
21.1557221,79.09416039999998,31,0,0.6205446651930702,0.7841711028215848
18.6035421,73.9337777,38,1,0.7495905208396405,0.6619018439824417
18.4452577,73.8610191,22,1,0.2897781030940588,0.9570938569268999
18.5625986,73.85235820000003,20,0,0.5293343257626495,0.8484133259027709
18.5176333,73.86712320000002,36,0,0.49476403478642755,0.8690273585347327
18.468065600000006,73.9430283,35,0,0.6533852127199734,0.7570256031329952
18.5292326,73.82499729999998,36,1,0.7526620931226256,0.658406996907132
18.5292326,73.82499729999998,40,1,0.8798359586760874,0.4752774829723477
18.5073514,73.8076543,23,0,0.9383485249110849,0.3456906793611755
18.508026,73.835099,22,0,0.7476640249077932,0.6640771836606637
35.7079052,140.5643284,58,1,0.7943032554202152,0.6075214715784524
18.508934,73.92591019999998,19,0,0.8824399961156084,0.47042497090979873
18.4726725,73.9784573,19,1,0.6850123438380127,0.7285314603979379
29.9093759,73.87998050000002,35,0,0.48152002833735447,0.8764350873339071
18.4474077,73.8483676,83,0,0.9098548965969331,0.4149265804194571
18.4726725,73.9784573,25,1,0.697978280218439,0.716118928910073
18.5636187,73.8949358,29,0,0.7907665177928419,0.6121178925156354
18.5291524,73.82708550000002,21,1,0.37502231843381095,0.9270157823233266
18.5591057,73.88674499999998,23,1,0.7701264167133262,0.6378912934664435
18.5907515,73.91099770000002,28,0,0.44267601200841045,0.8966816315684902
18.4529322,73.86523799999998,43,0,0.44405094136593926,0.8960015409986878
18.5235518,73.906346,22,1,0.9214156950228962,0.3885783279667988
18.5204303,73.85674370000002,27,1,0.8969386247831962,0.44215506711110836
18.5944704,73.9275889,60,0,0.8520008802896837,0.523540351821714
18.462346,73.85293399999998,38,1,0.7962410805873075,0.6049794555066782
18.5625986,73.85235820000003,19,1,0.925824357033119,0.3779540447252968
18.4529322,73.86523799999998,35,0,0.6096034216262348,0.7927065461705152
18.430860100000004,73.8610191,75,0,0.6504588408615115,0.7595415040306216
18.4483159,73.86671799999998,75,0,0.7994484941066565,0.600734637981363
31.1471305,75.34121789999998,19,1,0.6984527347434137,0.7156561865375346
18.553295,73.91099770000002,55,1,0.7249286583783014,0.6888239544773657
27.6791987,83.5070203,45,0,0.8096389896204033,0.5869281953411786
18.5204303,73.85674370000002,22,0,0.7854600395734692,0.6189123736307459
18.5509643,73.9168593,33,1,0.6117895049785311,0.7910206075685536
18.4949019,73.84411180000002,24,0,0.816019063658894,0.5780249888588399
18.5158057,73.92716440000002,18,1,0.6756065452955365,0.7372623657517249
18.5204303,73.85674370000002,38,0,0.7377509790644287,0.6750729537535013
18.5944704,73.9275889,29,0,0.6220495259373302,0.7829778970578561
18.5529226,73.879711,69,1,0.8556720467874789,0.5175184521797522
18.5309059,73.849306,28,0,0.7978767244663952,0.6028206470873207
18.5204303,73.85674370000002,35,1,0.7946928483676953,0.6070117599793593
18.5342985,73.9368173,45,1,0.7331814967457716,0.6800330086323974
18.5415099,73.79247690000003,86,0,0.8772545291584765,0.48002551085430845
18.4726725,73.9784573,40,0,0.6360136136582374,0.7716778364326594
18.510845,73.81675279999997,35,1,0.8797117726791278,0.47550730489630394
18.5518288,73.7943248,32,1,0.8228759792778757,0.5682210157390142
18.2769367,73.6219158,19,0,0.6670868233475682,0.7449799796746557
18.5204303,73.85674370000002,24,0,0.7408574102826063,0.6716623389988082
18.5058469,73.8705748,20,0,0.703612413830284,0.7105839648513899
18.5625986,73.85235820000003,40,0,0.5724613520909175,0.8199317046938961
18.4654546,73.85468209999998,44,0,0.7158683051474277,0.6982353254350206
18.4553953,73.8662748,39,1,0.466094552162333,0.8847349142226695
35.7079052,140.5643284,24,1,0.6299326781386445,0.7766497415264328
18.5018322,73.8635912,58,0,0.7124744296590203,0.7016980740190567
18.5204303,73.85674370000002,55,0,0.4132830103138891,0.9106026319893271
18.5083204,73.85670019999998,27,0,0.46765945743847936,0.8839087237200157
18.4654546,73.85468209999998,22,1,0.9237976671411272,0.38288101308972106
18.5073514,73.8076543,20,1,0.9094452094026019,0.41582377408543825
18.5679146,73.91434319999998,32,0,0.7631442124794161,0.6462282189437194
18.5018322,73.8635912,20,0,0.49682082763149926,0.8678531357502559
18.5144313,73.86538329999998,25,1,0.5476257254286467,0.8367234100040158
18.5466777,73.8022046,55,0,0.7951135622537181,0.6064605701281847
18.5304688,73.8299146,52,1,0.571237964003775,0.8207844957605022
18.5625986,73.85235820000003,20,0,0.9466598717496466,0.3222345220781639
18.5625986,73.85235820000003,62,0,0.5752046434473506,0.8180095464947865
18.5214325,73.86763470000002,64,1,0.5638107111682454,0.8259040392030768
18.454439,73.853174,49,0,0.556966622721117,0.8305348765552432
18.5204303,73.85674370000002,55,1,0.8056234221617343,0.5924279717099928
18.4676399,73.859032,65,1,0.6851659285377386,0.7283870196338059
18.5051349,73.8665321,32,0,0.4131926106948333,0.9106436550414152
18.5204303,73.85674370000002,50,0,0.7684608246581625,0.6398968361897852
18.5072112,73.9587203,21,1,0.6445633235235749,0.7645509283025188
18.5018322,73.8635912,28,1,0.8828887066255094,0.469582294931501
18.5204303,73.85674370000002,31,0,0.7726567873394018,0.6348239826742169
18.5204303,73.85674370000002,31,0,0.5852897523479972,0.8108242138690853
18.4464732,73.826375,19,0,0.6378599494262371,0.7701523777266147
18.4471444,73.8101999,36,0,0.8887575423433011,0.45837760735870964
18.4471444,73.8101999,52,0,0.463791537221695,0.8859443605563145
18.7372002,73.6389598,48,0,0.5941913581106447,0.8043237096757919
18.7372002,73.6389598,25,0,0.792525199854086,0.6098391653511941
18.4471444,73.8101999,69,0,0.6636233627877139,0.7480668635638971
18.5214325,73.86763470000002,45,0,0.5823581708863391,0.8129323223995448
18.5165436,73.8366021,72,1,0.5484266773306261,0.836198648403649
18.532397600000003,73.94406459999998,28,1,0.578266739153414,0.8158477666751791
18.1467496,73.97691999999998,19,0,0.8436307677097008,0.5369237634651132
18.5402171,73.8875797,33,0,0.6945561799467618,0.7194384705433547
18.5529226,73.879711,34,0,0.8136124835439786,0.581407539185208
24.577514800000003,77.7318495,19,1,0.31950704164548643,0.9475839014773042
18.5330323,73.933003,23,1,0.8067276650607781,0.5909234082565904
19.0719691,73.5356936,20,0,0.7118228794943721,0.70235901662066
18.5136095,73.8456078,23,0,0.6607258392864952,0.7506273145171021
18.508934,73.92591019999998,19,1,0.7814775807583954,0.623933322376683
18.5371425,73.7889198,25,0,0.41773918928211645,0.9085669869293733
28.5572098,77.2127891,45,1,0.8721418371563042,0.48925312046181835
18.4690213,73.8640944,18,0,0.8099329556755044,0.586522469570213
18.5679146,73.91434319999998,48,0,0.34385734020882097,0.9390219004818339
18.4654546,73.85468209999998,21,1,0.33034727998353475,0.9438594570207368
18.5204303,73.85674370000002,28,0,0.4786528473525588,0.8780042435667883
18.5402171,73.8875797,25,1,0.49985113484061816,0.8661113340665542
18.5512771,73.92098940000002,20,1,0.5286516935359603,0.8488388462609149
18.5572414,73.92525340000002,47,0,0.7167847904486012,0.6972944601684103
18.5402171,73.8875797,20,0,0.7700510256588474,0.6379823021697053
18.5529226,73.879711,24,1,0.6308941858952036,0.7758688846729376
18.4658999,73.9340859,35,1,0.6986102447563468,0.7155024290115843
19.1132337,73.73267750000002,28,0,0.4544391335462011,0.8907777915405042
18.6822022,73.9001184,22,0,0.8204249610150238,0.5717542158510915
19.2403305,73.1305395,25,0,0.4622378967047412,0.8867559567603575
18.4914531,73.8367889,26,0,0.4782017223714025,0.8782500285915305
18.5529226,73.879711,27,0,0.7410762648996292,0.6714208587781695
18.5529226,73.879711,19,0,0.812739611991809,0.5826270875091578
18.5097432,73.83385320000002,19,0,0.7389298708801526,0.6737823431354083
18.5018322,73.8635912,24,0,0.7705595048385835,0.6373680643889503
18.5538241,73.9476689,24,0,0.6313548045363155,0.7754941075139842
18.4557382,73.85671190000002,39,0,0.7638567673015477,0.6453858063574293
18.4654546,73.85468209999998,44,0,0.7863535484110983,0.6177767370994756
18.466969,73.857603,21,0,0.8658099363561161,0.5003730149668526
18.4824019,73.93230809999999,25,0,0.78451151067108,0.6201142552986343
18.469508800000003,73.88897790000001,19,1,0.44620027317231326,0.894933135055884
18.532397600000003,73.94406459999998,18,1,0.6503462706897383,0.7596378928146947
18.4971535,73.85808940000003,46,0,0.7710147002242822,0.6368173458991677
18.5330323,73.933003,21,0,0.6662634496409615,0.745716444550156
18.4571903,73.8037286,30,0,0.6968637343474119,0.7172035525228384
18.5207496,73.89790529999998,27,1,0.5753758305141192,0.8178891450925287
18.5512771,73.92098940000002,52,1,0.6898055992576617,0.7239946375718388
18.5590032,73.78676290000001,18,0,0.600896832378352,0.7993265895975579
18.5040461,73.91614179999998,45,0,0.6938292386562595,0.7201395611863547
18.5639463,73.81029269999998,50,1,0.6578374651097432,0.7531599229234037
18.4726725,73.9784573,33,0,0.6877780197517489,0.7259210670220027
19.1132337,73.73267750000002,36,1,0.8616454545681981,0.5075107000073626
18.5204303,73.85674370000002,40,0,0.7648720239391138,0.6441822622482583
18.515930800000003,73.86606379999998,22,0,0.416298753019163,0.9092278857551004
18.559755600000006,73.93590259999998,23,1,0.5617085820647979,0.8273351611256191
19.1132337,73.73267750000002,33,0,0.82266378753756,0.5685281810731605
18.5839816,73.6050502,24,1,0.6576870709084198,0.7532912562614166
18.5204303,73.85674370000002,26,1,0.9452716579283795,0.3262843740011659
18.5375574,73.7957946,25,0,0.5736178185783122,0.8191230665836841
18.5098369,73.83269150000002,70,0,0.737206877415504,0.6756670925028703
18.5286513,73.8775108,21,1,0.8207386937072587,0.5713037691558691
18.4423155,73.8148068,54,0,0.6635277228903784,0.748151696486688
18.561307,73.78655200000001,19,1,0.6837492320994516,0.729717059964621
18.4471444,73.8101999,58,1,0.5813881719969778,0.8136263229898677
18.434268,73.80948479999998,75,0,0.6011206098870305,0.7991583149595858
18.5083204,73.85670019999998,22,0,0.839449337687929,0.5434379536389572
18.4951041,73.83430209999999,21,0,0.7966424732119707,0.6044508002101698
18.5204303,73.85674370000002,27,1,0.563752162515155,0.8259440049176979
18.5349529,73.87618909999998,31,1,0.6306688931939337,0.7760520260636774
18.500375,73.9424123,19,0,0.7288091478396187,0.6847168948005364
18.4867649,73.9425145,31,0,0.4937148323302047,0.8696238637118682
18.502703,73.926296,23,1,0.9441579230619199,0.3294932720396606
18.5286513,73.8775108,18,0,0.8026074046016249,0.5965076311990012
18.5199723,73.86697649999998,21,1,0.7472562069522425,0.6645360495649182
18.5204303,73.85674370000002,20,0,0.9223078158714404,0.3864560683731764
19.5014423,73.01322359999998,20,0,0.6225982614024843,0.7825416314156096
18.469508800000003,73.88897790000001,21,1,0.630739835214091,0.7759943687128801
18.5471748,73.8202184,25,0,0.4926687103290586,0.8702169510315816
18.4606924,73.84044820000003,19,1,0.9633128696505527,0.2683809143095262
18.5009832,73.95123840000002,27,1,0.5447908678290065,0.838571947020718
18.5013711,73.9312908,19,0,0.8952570494082533,0.4455500145716845
18.5204303,73.85674370000002,25,0,0.8155069347105247,0.5787473018848934
18.5118048,73.84314509999999,23,1,0.6975349766841954,0.7165507353301502
18.4654546,73.85468209999998,19,1,0.5919089364255887,0.8060048455062342
18.4730151,73.8193703,19,0,0.712556475212435,0.7016147587051105
18.4462462,73.82572119999998,22,0,0.8963867400246673,0.4432728418344051
18.4468545,73.82586189999998,50,0,0.8226048402793374,0.56861346866655
18.4471444,73.8101999,34,0,0.555899896407953,0.8312492437131158
18.4497032,73.8741773,18,0,0.8698190700565328,0.49337083959835776
19.1132337,73.73267750000002,34,0,0.56453114548461,0.8254117674093543
18.5292326,73.82499729999998,81,0,0.7336418155516098,0.6795363761228222
18.5116565,73.8699182,40,0,0.689650375044478,0.7241424999273353
18.5204303,73.85674370000002,25,0,0.7819020294827612,0.6234013284319655
18.5672281,73.916753,44,0,0.4871071195170367,0.8733422319548135
18.5626966,73.9372298,23,0,0.5619147753500059,0.8271951312981433
18.448698,73.8650268,19,0,0.6772223616358178,0.7357784129073138
18.4763714,73.81323370000001,30,0,0.8285392319895729,0.5599310145492288
18.5204303,73.85674370000002,27,1,0.912130530540499,0.40989986003401835
19.1132337,73.73267750000002,19,1,0.438310920411615,0.8988234181683981
18.5204303,73.85674370000002,60,0,0.39873501365884556,0.9170661856608171
18.4607365,73.9716382,40,0,0.5067581483050205,0.8620882664359066
18.1047247,74.45647129999998,39,0,0.5575020590798774,0.8301755562058527
18.469888,73.85036029999998,41,1,0.8703254230749382,0.49247706337395014
18.5204303,73.85674370000002,22,1,0.626336286116395,0.7795529851741454
18.4471444,73.8101999,61,0,0.49402314457524116,0.8694487521550597
18.4877372,73.8704877,63,0,0.8533892469966925,0.521274201462549
19.1132337,73.73267750000002,75,1,0.5135381375735278,0.8580667696965735
18.502384,73.84395400000002,35,0,0.6819849395324533,0.731366216235694
18.564084,73.80270300000002,23,1,0.5793739799930966,0.8150618328120628
18.5680543,73.85086940000002,24,0,0.471570478013694,0.881828375743226
18.5051349,73.8665321,55,0,0.739876799505704,0.6727423886995648
18.4220534,73.85954269999998,21,1,0.419144270974488,0.9079196440816032
18.5591057,73.88674499999998,23,0,0.5681715473249055,0.8229101365340098
18.5204303,73.85674370000002,35,1,0.2765803149056722,0.9609908060989342
18.5709235,73.83508309999998,21,1,0.7380350644115826,0.6747623609086321
18.5051349,73.8665321,31,0,0.8691271574322134,0.49458870206849714
18.5204303,73.85674370000002,50,0,0.7589841225075137,0.6511091320059176
18.5204303,73.85674370000002,22,1,0.9592655326778895,0.28250599607124266
19.0025142,72.84207690000002,24,1,0.8865886830092276,0.46255865267008395
18.5463286,73.90331390000001,28,0,0.5237612887365537,0.8518650787660124
18.5330323,73.933003,40,0,0.45574295702459344,0.8901114296100683
18.5529226,73.879711,32,0,0.8437862810727998,0.5366793380346724
18.5204303,73.85674370000002,52,0,0.5768080177197696,0.8168797406559853
18.5591057,73.88674499999998,20,0,0.6881590471924223,0.7255598705601196
18.5626966,73.9372298,26,0,0.973476387225671,0.22878750733826259
29.9093759,73.87998050000002,35,0,0.8742163356032412,0.4855366088818032
18.5204303,73.85674370000002,23,0,0.8673880971394766,0.49763228285628525
18.5572414,73.92525340000002,38,0,0.846418305672487,0.5325185929359803
18.5009698,73.9429625,30,1,0.8504425437644009,0.5260679421477183
18.44788,73.857126,40,1,0.7804093031456898,0.6252689977630898
18.5626966,73.9372298,28,0,0.7801183796015483,0.6256319315762701
18.532397600000003,73.94406459999998,19,0,0.9295924012518351,0.36858915818950405
18.5000482,73.85901319999998,20,0,0.8129201223798582,0.5823752009056673
18.5839816,73.6050502,25,1,0.859219247505799,0.5116075495099427
18.508934,73.92591019999998,26,1,0.6622450713269652,0.7492873050460302
18.54558,73.7789037,26,0,0.5150609212135074,0.8571535728436842
18.484766600000004,73.9022123,39,0,0.5830216902463505,0.8124565888109275
18.4922285,73.9000204,23,1,0.4168503833089902,0.9089751140351137
18.5419934,73.78161539999998,36,0,0.7236973621616402,0.6901174740580649
18.4587777,73.8426415,18,1,0.6329808091801084,0.7741674852444368
18.4726725,73.9784573,34,0,0.4626729977359639,0.8865290165392313
18.5204303,73.85674370000002,23,0,0.7642924777313427,0.6448697608690339
18.597398,73.91547849999998,50,1,0.618392839260905,0.7858691343670627
18.5314419,73.84456170000001,28,0,0.469861328167615,0.8827402405535645
18.5944704,73.9275889,18,1,0.7440181792233472,0.6681593739409596
18.5932724,73.9275318,44,1,0.7924732797067455,0.6099066329782241
18.532397600000003,73.94406459999998,50,0,0.7833062066540833,0.6216360564005201
18.5204303,73.85674370000002,26,0,0.7749264956334131,0.6320513637081387
18.5204303,73.85674370000002,40,1,0.7613679136553776,0.6483200598902192
18.5217498,73.90438359999997,42,1,0.9787242576264996,0.20517998814079624
18.494136800000003,73.94890199999998,20,0,0.7063378641047108,0.7078748630457188
18.4609588,73.8222308,22,0,0.8389018843323406,0.5442826733083171
18.5204303,73.85674370000002,23,0,0.8557811232695411,0.5173380607064615
18.5292326,73.82499729999998,19,0,0.7601808965395139,0.6497114779164523
18.5204303,73.85674370000002,27,0,0.7166267765820974,0.6974568539239919
18.5204303,73.85674370000002,50,0,0.8985344588983258,0.43890298036387576
18.5639463,73.81029269999998,37,1,0.5137815875612047,0.8579210221710901
18.5518288,73.7943248,19,1,0.6182420992361493,0.7859877268329826
18.5419934,73.78161539999998,23,0,0.6600591001899355,0.751213674167645
18.532397600000003,73.94406459999998,48,0,0.8638062839254383,0.5038240802610817
18.5529226,73.879711,19,0,0.4086333354195312,0.9126986343716686
18.4690213,73.8640944,37,1,0.7904786167584437,0.6124896378288024
18.4877372,73.8704877,22,1,0.5252325559950316,0.8509587311514736
18.4443556,74.72639079999998,59,0,0.8070378628009971,0.5904996934847629
18.5243431,73.851463,32,1,0.7901698420058019,0.6128879349314409
18.5314419,73.84456170000001,18,1,0.8967961304003086,0.442444008320864
18.4922285,73.9000204,41,0,0.7713659772200967,0.636391804776967
18.5040461,73.91614179999998,28,0,0.8189451522357534,0.5738717954644214
18.4646316,73.86028409999999,47,0,0.8424582643405096,0.5387616104033174
18.5040461,73.91614179999998,31,1,0.6898187657746225,0.7239820925859813
18.5204303,73.85674370000002,31,1,0.6763390363075784,0.7365904614957597
18.5036227,73.8698398,65,0,0.8208246853500768,0.5711802131726443
18.5679146,73.91434319999998,39,0,0.6959793662008928,0.7180617813409954
18.508934,73.92591019999998,46,1,0.962855323423605,0.2700178256242074
18.4654546,73.85468209999998,23,0,0.6374181022713294,0.7705181132827553
18.4587777,73.8426415,18,1,0.778815544003922,0.6272530178627084
18.5204303,73.85674370000002,50,0,0.8286089577594458,0.5598278263187755
18.508934,73.92591019999998,30,0,0.6533599158938143,0.757047435966352
18.5221459,73.9587593,28,1,0.5713634609720387,0.8206971399158484
19.0948287,74.74797889999998,19,0,0.7420334042717548,0.6703629068980999
18.5309059,73.849306,18,1,0.807376464489183,0.5900366468186081
18.4738871,73.8893532,42,1,0.7160616007479146,0.6980370935232125
18.5512771,73.92098940000002,21,0,0.584021520245673,0.8117381744687957
35.7079052,140.5643284,67,1,0.7529327199053983,0.6580974998401521
18.553295,73.91099770000002,28,1,0.7695418958040946,0.6385963283657681
18.5099615,73.91173169999998,19,0,0.7328073604326903,0.6804361634243679
18.5330323,73.933003,18,0,0.8149762199821768,0.5794944010631703
18.5441098,73.87969140000001,24,0,0.8321000543438638,0.5546255489615846
18.5330323,73.933003,21,1,0.9534402584868085,0.3015819515432046
18.4690213,73.8640944,20,1,0.5575808588542894,0.8301226330123237
18.532397600000003,73.94406459999998,50,0,0.6584470392068497,0.7526270633984228
18.5524665,73.9326763,26,0,0.7571975014419248,0.6531859948055425
18.4529322,73.86523799999998,21,1,0.9493580111071029,0.31419638245334053
18.448235,73.867646,21,0,0.835259955542126,0.5498552597436581
18.5073514,73.8076543,25,1,0.8073722685640667,0.5900423882685993
18.528435,73.83234920000002,21,0,0.8580010352282226,0.5136479568218864
18.508934,73.92591019999998,65,0,0.7952701720557658,0.6062551883805966
18.469508800000003,73.88897790000001,40,1,0.7953593134374703,0.6061382371441978
18.5214325,73.86763470000002,22,0,0.6893321360177955,0.7244454473962435
18.5204303,73.85674370000002,24,1,0.871307339931508,0.4907377297309425
18.508934,73.92591019999998,23,1,0.608721589844205,0.7933839083681641
18.4726725,73.9784573,24,0,0.8238930370867766,0.5667453250269713
18.5042247,73.81715810000001,28,0,0.753146404161503,0.6578529424564413
18.4587777,73.8426415,20,1,0.9213683712866392,0.3886905252158919
18.516882,73.914672,18,1,0.6474374469559584,0.7621185946289137
18.508934,73.92591019999998,25,0,0.4190805215628154,0.9079490715049158
18.5788913,73.7706807,28,0,0.4659153761296448,0.8848292842610781
18.5114181,73.8778263,19,0,0.9535710637324357,0.301168103245
18.5330323,73.933003,31,0,0.57578330419622,0.817602340143962
18.5204303,73.85674370000002,25,0,0.5478384650609136,0.8365841357566507
18.517454,73.8612411,18,0,0.3224500456132698,0.9465864820944784
18.5204303,73.85674370000002,19,0,0.8720549958533061,0.48940789144362007
18.5204303,73.85674370000002,21,0,0.8660540036207379,0.49995046035831475
18.5204303,73.85674370000002,46,0,0.6094842255016696,0.7927981955482933
18.517454,73.8612411,24,0,0.3728092271294007,0.9279080127723754
18.5204303,73.85674370000002,30,0,0.46965379058333,0.8828506764967163
18.5204303,73.85674370000002,33,0,0.733237015326125,0.6799731460547807
18.526739000000006,73.862039,30,0,0.8098030051619751,0.5867018773028037
18.5225265,73.8638663,35,0,0.6858397771215033,0.7277525679225918
18.5158792,73.85803969999998,20,0,0.7420570832271606,0.670336695424321
18.5621075,73.89755770000002,20,0,0.7239044636728889,0.6899002300872694
18.4961383,73.8384476,28,0,0.7801272239409034,0.6256209031564238
18.5204303,73.85674370000002,25,0,0.763067420184557,0.6463188936220917
18.4726725,73.9784573,49,0,0.9963838123507472,0.08496645505957594
18.5018322,73.8635912,31,0,0.9009431408804565,0.4339371577780105
18.5944704,73.9275889,19,0,0.7566063602055175,0.6538706414089553
18.448235,73.867646,27,0,0.6747098230356339,0.7380830947117158
18.508934,73.92591019999998,19,0,0.6081882986330366,0.7937927899684226
18.5051349,73.8665321,26,0,0.6180233876299379,0.786159711726832
18.4825399,73.8256755,20,0,0.8757046717827988,0.48284710604681125
18.5332778,73.937156,82,0,0.7931052647936441,0.609084590969599
18.5204303,73.85674370000002,22,0,0.7428788010897427,0.6694259383169033
18.5492228,73.93900179999999,30,0,0.6572829385379325,0.7536439070986645
30.6615432,81.47183869999998,28,0,0.8939726277307252,0.4481215692959024
18.5292326,73.82499729999998,68,0,0.6003725441422505,0.7997204563096791
18.5284417,73.8283057,29,0,0.7466403909028414,0.6652278757481921
18.469508800000003,73.88897790000001,19,0,0.6089709309002537,0.7931925398782307
18.4654546,73.85468209999998,24,0,0.6538257704873569,0.7566451360093542
18.5051349,73.8665321,20,0,0.6748544541206204,0.7379508559203379
18.5204303,73.85674370000002,28,0,0.48734669002603487,0.8732085682817524
18.5035827,73.957088,23,0,0.8952629995537211,0.44553805856522966
18.460691,73.869147,21,0,0.7590381094575505,0.6510461952819536
18.4901977,73.83970090000003,18,0,0.7156115768470882,0.6984984402863216
18.4644859,73.8048496,21,0,0.42859416455561455,0.9034971179305857
18.5549734,73.79723620000001,35,0,0.8828429197690338,0.46966837131500283
18.5091517,73.87103859999998,20,0,0.7681532661029403,0.6402660070434674
18.5009698,73.9429625,27,0,0.728983607234747,0.6845311536979279
18.5082486,73.8440548,21,0,0.6039502121083101,0.7970220456764839
18.5083204,73.85670019999998,24,0,0.730090201600909,0.6833507865850043
18.5292326,73.82499729999998,25,0,0.26387968275488194,0.9645556039074071
18.5512771,73.92098940000002,21,0,0.7182758366608675,0.6957584512380218
18.4726725,73.9784573,25,0,0.3790968389529141,0.9253570049964005
18.485861,73.84963599999998,70,0,0.5497909392313837,0.8353022944653469
18.564084,73.80270300000002,50,1,0.8703396207045395,0.49245197190373624
30.2422894,79.612309,21,1,0.4412042130636708,0.8974067318528801
18.509602800000003,73.9470036,36,0,0.8754656967896305,0.4832802641787132
18.4661512,73.78217190000002,30,0,0.7485377760604734,0.6630921488077208
18.6297811,73.7997094,45,0,0.38506957016887716,0.9228875479330926
18.5086429,73.83140909999999,30,1,0.43744054177659963,0.8992473366155693
18.528435,73.83234920000002,25,1,0.688526654588112,0.7252110354384458
18.5482896,73.7696473,25,0,0.5824741955734855,0.8128491935722277
18.5204303,73.85674370000002,43,0,0.4861190773876546,0.8738925806984378
18.4869571,73.94332990000002,41,1,0.7663021064025402,0.6424804134936956
18.5204303,73.85674370000002,34,0,0.5819859916877446,0.8131988105495682
18.2825268,73.97349200000002,30,1,0.4465233496779596,0.8947719811171864
18.508934,73.92591019999998,40,0,0.8085124761613945,0.5884790360678708
18.508934,73.92591019999998,18,0,0.6625750192942307,0.7489955566004712
18.466969,73.857603,20,1,0.6674323268863578,0.7446704566632558
18.5144313,73.86538329999998,25,0,0.836524449614084,0.5479295987605104
18.5421757,73.88925170000002,72,1,0.7067973958223659,0.7074160312423813
18.5788913,73.7706807,19,1,0.7812635969085161,0.62420124330665
18.5446581,73.80291820000002,23,0,0.6259366882848297,0.779873875866489
18.5204303,73.85674370000002,22,0,0.6220567714692826,0.7829721406724588
18.5204303,73.85674370000002,42,1,0.8281727906909385,0.5604728617508461
18.5445099,73.93844190000002,19,1,0.39957490376801863,0.9167005488592109
18.4452577,73.8610191,36,0,0.8737177677719631,0.486433204334961
18.5419934,73.78161539999998,31,0,0.9359665788358416,0.3520888571118525
18.5062414,73.91297420000002,65,0,0.6147502050070255,0.7887218682424243
18.5529226,73.879711,19,0,0.9293414931786479,0.3692213280086637
18.5144313,73.86538329999998,22,0,0.7877096970099784,0.6160466161228776
18.5009698,73.9429625,42,0,0.7155910923406442,0.6985194260453489
18.5788913,73.7706807,30,0,0.7592882337184798,0.6507544683954704
18.5512771,73.92098940000002,21,0,0.7023389298407363,0.7118426986562194
18.5158057,73.92716440000002,36,1,0.7316255278786444,0.6817067455704797
18.5019469,73.86629169999998,37,1,0.7978150587372256,0.602902257461454
35.7079052,140.5643284,67,0,0.9487144399316029,0.31613432503488925
18.528435,73.83234920000002,25,0,0.5659632256306261,0.8244304865989474
18.5204303,73.85674370000002,55,0,0.6499423102267188,0.7599835480963752
18.4726725,73.9784573,42,1,0.8330564447495284,0.5531879968521333
18.4726725,73.9784573,74,1,0.5856162018862305,0.8105884677740892
18.5204303,73.85674370000002,35,0,0.5604527931805569,0.8281863719091929
18.553295,73.91099770000002,25,0,0.259615235425843,0.9657121359570792
18.5709235,73.83508309999998,27,1,0.3644057093366201,0.9312402906891833
18.482132,73.86756299999998,20,0,0.7657007882415545,0.643196939425447
18.5099615,73.91173169999998,26,1,0.7865576201705125,0.6175168905800876
18.012639800000006,76.06574590000002,28,0,0.34862737114534564,0.9372614128877201
18.5330323,73.933003,50,0,0.37443154370925485,0.927254560018717
18.5330323,73.933003,19,1,0.8085463566150065,0.5884324848311816
18.471515,73.821073,30,0,0.631095381491604,0.7757052400622074
19.0948287,74.74797889999998,19,1,0.7571675352114293,0.6532207311635546
18.4413839,73.8010085,18,1,0.6597217052203337,0.7515099943854208
18.4471444,73.8101999,35,0,0.7554782008055031,0.6551737846615048
18.7372002,73.6389598,24,0,0.7312546804912515,0.682104531768876
18.5441098,73.87969140000001,32,1,0.7090680653378194,0.705140041919392
18.5529226,73.879711,25,1,0.946100227635089,0.32387398671216655
18.5330323,73.933003,23,0,0.5729779419458907,0.8195707889154247
18.4690213,73.8640944,62,0,0.8092850243690617,0.5874161636624986
18.5204303,73.85674370000002,32,0,0.8743301240369343,0.4853316744264266
18.5080933,73.8721276,23,0,0.624550624665888,0.7809843258538862
18.532397600000003,73.94406459999998,36,0,0.6725147356781002,0.7400837319491729
18.5524665,73.9326763,21,0,0.5148768620318347,0.8572641465407562
18.4529322,73.86523799999998,21,0,0.6669671948617719,0.7450870828153037
18.5204303,73.85674370000002,20,0,0.8512109572763956,0.5248236905977113
18.448235,73.867646,24,0,0.8751890610779329,0.4837810531320199
18.5625986,73.85235820000003,50,0,0.7752857992101283,0.6316105837801586
18.5073514,73.8076543,26,0,0.5001893698746687,0.8659160434270645
18.528435,73.83234920000002,33,0,0.7099042904275986,0.7042981601796839
18.508934,73.92591019999998,22,0,0.6261343780590347,0.7797151663348775
18.4869571,73.94332990000002,25,1,0.576397257422528,0.8171696284345056
18.469508800000003,73.88897790000001,24,1,0.7517426623439207,0.6594565714374784
18.5322732,73.9171984,23,0,0.42879137531293254,0.9034035402062822
18.5529226,73.879711,24,0,0.6275536781955673,0.7785732984011297
18.4690213,73.8640944,28,0,0.7427489069453228,0.669570057000407
18.5601649,73.8031335,55,1,0.8726593740638466,0.4883294142876256
18.5214325,73.86763470000002,20,1,0.7568742001682096,0.6535605902437301
18.4891497,73.9561066,18,0,0.6982431607777541,0.7158606627180261
18.5204303,73.85674370000002,25,0,0.6688331158211728,0.7434125793803477
18.438357,73.860545,54,1,0.6434776038498272,0.7654649393301334
18.5204303,73.85674370000002,28,0,0.45643191533005106,0.8897583417243926
18.508934,73.92591019999998,30,1,0.7301803502687915,0.6832544592473181
18.5204303,73.85674370000002,19,0,0.46551237716110244,0.8850413700555582
18.4726725,73.9784573,31,0,0.7798093051928994,0.6260171303842792
18.4726725,73.9784573,20,1,0.7031621132656359,0.7110295651151258
18.5042247,73.81715810000001,25,0,0.7596397603170619,0.6503440893445843
18.4587777,73.8426415,60,1,0.7698811636012816,0.6381872718347935
18.516882,73.914672,80,1,0.7564545988908516,0.6540462061787995
18.508934,73.92591019999998,30,0,0.3196445341046073,0.9475375305585783
18.5788913,73.7706807,18,0,0.6612219239073754,0.7501903540730372
18.5114181,73.8778263,21,1,0.7286298243344792,0.6849077157473888
18.5204303,73.85674370000002,36,1,0.2586760378437214,0.9659641336227105
18.4452577,73.8610191,19,0,0.7456571814896407,0.6663297739805157
18.5330323,73.933003,36,1,0.4968010073216525,0.8678644820040692
18.5204303,73.85674370000002,22,1,0.49941595613123096,0.8663623391869757
18.5204303,73.85674370000002,18,0,0.7299979551561586,0.683449329115061
18.517454,73.8612411,29,0,0.4188871526337575,0.908038299499742
18.515452300000003,73.86188100000003,23,0,0.6008950617861027,0.7993279206440094
18.5204303,73.85674370000002,19,1,0.5653345801851428,0.8248616929200242
18.5204303,73.85674370000002,42,1,0.6601250050869201,0.7511557612499512
18.5158792,73.85803969999998,19,0,0.658532932811869,0.7525519094402714
18.5204303,73.85674370000002,47,0,0.681377262941571,0.7319323913765897
18.517454,73.8612411,19,1,0.7926272523911992,0.609706518553622
18.5204303,73.85674370000002,21,0,0.8981229777122187,0.43974437677511863
18.5204303,73.85674370000002,22,1,0.9064832938993885,0.42224168183791944
18.5204303,73.85674370000002,46,0,0.37877768796660694,0.9254876893285354
18.5204303,73.85674370000002,24,0,0.40372976109041575,0.9148782869922512
18.526739000000006,73.862039,25,1,0.3917280518835201,0.9200810471733141
15.8937658,74.11628809999998,70,0,0.8165352955919537,0.5772955144919807
18.5204303,73.85674370000002,30,1,0.7841213623733547,0.6206075161241235
18.5204303,73.85674370000002,33,1,0.6185656986919355,0.7857330821607028
18.5204303,73.85674370000002,30,0,0.43784917791652805,0.8990484399618413
18.5225265,73.8638663,35,0,0.7272188050115224,0.6864057179523007
18.5158792,73.85803969999998,53,1,0.6298481316712187,0.7767183086745639
18.5621075,73.89755770000002,20,1,0.6588948494015274,0.7522350546419241
18.4961383,73.8384476,19,0,0.37843919046932656,0.9256261551603437
18.5204303,73.85674370000002,75,0,0.7529284280129362,0.658102410183984
18.5204303,73.85674370000002,27,0,0.6911919922695178,0.7226711768311331
18.5151826,73.85730840000002,20,0,0.6488046413135103,0.7609550166797293
18.527059,73.862528,28,0,0.724981830110574,0.6887679914234711
18.5204303,73.85674370000002,25,0,0.7018604083441139,0.7123145142414505
18.5204303,73.85674370000002,49,0,0.3835416493222176,0.9235235802269443
18.5180352,73.8560632,31,0,0.5837884228785649,0.8119058303232942
18.4726725,73.9784573,24,0,0.9013580446910647,0.43307467632118674
18.5029883,73.92055090000002,23,0,0.75721921651538,0.6531608210386122
18.5051349,73.8665321,36,0,0.47948807175534613,0.8775483969812378
18.5240566,73.8646945,18,0,0.7103785865518097,0.7038197665373237
19.1132337,73.73267750000002,21,0,0.9173467034974612,0.3980892181186789
18.508934,73.92591019999998,55,1,0.5511550489507381,0.8344028475599239
18.5018322,73.8635912,37,1,0.993008604623271,0.11804198890286585
18.5944704,73.9275889,41,1,0.5117487602292525,0.8591351502550824
18.448235,73.867646,20,0,0.8022033013364159,0.597050972132996
35.7079052,140.5643284,26,1,0.586316169104879,0.8100823105377495
18.5292326,73.82499729999998,82,1,0.8406497847481328,0.5415791164759938
18.507738,73.85918000000002,19,0,0.9334179105819328,0.35879103138854923
18.4817777,73.89093729999998,22,0,0.6499489355454957,0.7599778820355741
18.5279221,73.94816390000003,23,0,0.7245672022636768,0.6892041565485427
18.508934,73.92591019999998,33,1,0.7665486290419472,0.6421862652797172
18.5051349,73.8665321,33,1,0.9379068054770093,0.3468873365228418
18.567751,73.8757204,23,0,0.8019090962140001,0.5974460656906576
18.5415099,73.79247690000003,85,0,0.9046387343134058,0.42617925850496197
18.4825399,73.8256755,28,1,0.3745368554949213,0.9272120274651189
18.545163,73.9168766,45,0,0.596340337399251,0.8027317123364116
18.5332778,73.937156,30,1,0.42879829412426507,0.9034002562298288
18.5402171,73.8875797,28,0,0.7017461091918423,0.7124271178402117
18.5092134,73.82356419999998,23,0,0.5414319027609583,0.8407446072813362
18.5204303,73.85674370000002,45,1,0.5752642898359118,0.8179676013385763
18.5415099,73.79247690000003,23,0,0.487051326233444,0.8733733483535224
18.5492228,73.93900179999999,39,1,0.573403569657042,0.8192730596721474
18.5204303,73.85674370000002,68,1,0.4877651989055165,0.8729748626029629
30.6615432,81.47183869999998,48,0,0.2813540445314119,0.9596040337690418
18.452702,73.851276,29,0,0.6355853576761601,0.7720306037377455
18.5292326,73.82499729999998,48,1,0.6854288238460651,0.7281396345763633
18.5284417,73.8283057,20,1,0.6635618502726668,0.7481214278863525
18.4587777,73.8426415,19,0,0.9130935578912409,0.4077501128602113
18.5709235,73.83508309999998,35,0,0.6027874869331952,0.7979017769103933
18.5625986,73.85235820000003,24,0,0.5149702433562172,0.8572080543588227
18.501063,73.9337735,43,0,0.644992012998975,0.7641893110790873
18.469508800000003,73.88897790000001,20,0,0.6779163412238185,0.7351390577990747
18.4654546,73.85468209999998,62,0,0.721458531836837,0.6924576426322665
18.5051349,73.8665321,28,0,0.5253527616609489,0.8508845255469242
18.5204303,73.85674370000002,23,0,0.4875238030719012,0.8731096961082897
18.5699361,73.85064270000002,32,0,0.5202951762434505,0.8539864926202269
18.5057399,73.87089639999998,22,0,0.7393734546743864,0.6732955476778849
18.5035827,73.957088,21,0,0.6388601578392593,0.7693228832717747
18.5204303,73.85674370000002,46,0,0.528793052079312,0.8487507926786555
18.5415099,73.79247690000003,18,0,0.7747879618274331,0.6322211750703167
18.460691,73.869147,30,0,0.7526090116902735,0.6584676723443527
18.4901977,73.83970090000003,21,1,0.355765659012489,0.9345751954055967
18.4644859,73.8048496,27,1,0.8327081127862481,0.5537121986194318
18.5549734,73.79723620000001,21,0,0.795405082344296,0.6060781756348464
18.5620882,73.9339382,41,0,0.8961432090010777,0.4437649704080424
18.5063909,73.86028409999999,26,0,0.47149743778923314,0.8818674311698943
18.366277,73.7558777,43,1,0.6924563117031134,0.7214598092634965
18.5529226,73.879711,63,1,0.66106251477408,0.7503308280755692
18.5091517,73.87103859999998,32,0,0.6728345798226378,0.7397929630612164
18.5404223,73.9286341,42,0,0.9184672682522236,0.39549700017736933
18.5204303,73.85674370000002,19,1,0.7076755741232826,0.7065375303473145
18.5009698,73.9429625,20,0,0.7316647883866965,0.6816646077324615
18.5082486,73.8440548,72,1,0.5626538764771927,0.8266925760433488
18.5083204,73.85670019999998,19,0,0.7444743917543603,0.6676510166411607
18.5292326,73.82499729999998,22,0,0.9550655569380919,0.2963946388694172
18.5297217,73.93811970000002,80,1,0.7107085286614917,0.7034865935380842
18.5550337,73.81746129999998,38,0,0.7432711145833387,0.6689903214741162
18.5512771,73.92098940000002,27,1,0.6101721500563139,0.7922688604859182
18.5592798,73.8768685,60,1,0.6596502102081048,0.7515727510842867
35.7079052,140.5643284,22,0,0.563228917397767,0.8263009056069945
29.9093759,73.87998050000002,21,0,0.704541952335257,0.7096623404124137
18.494136800000003,73.94890199999998,32,1,0.8805524582738415,0.473948697886063
18.4726725,73.9784573,24,1,0.6343915377096568,0.773011886637183
18.485861,73.84963599999998,70,0,0.6667088441966823,0.7453182656220925
18.564084,73.80270300000002,50,1,0.7571549047287026,0.6532353712447523
30.2422894,79.612309,21,1,0.7546156475416633,0.6561670705584639
18.509602800000003,73.9470036,36,0,0.8136335471494338,0.5813780619812121
18.4661512,73.78217190000002,30,0,0.5225393911512687,0.852615144537828
18.6297811,73.7997094,45,0,0.6718830284092948,0.7406572730592434
18.5086429,73.83140909999999,30,1,0.6372897979743345,0.7706242361863737
18.528435,73.83234920000002,25,1,0.6360882010541782,0.771616355762149
18.5482896,73.7696473,25,0,0.7800063671801865,0.6257715774612715
18.5204303,73.85674370000002,43,0,0.20596877179605302,0.9785585649539967
18.4869571,73.94332990000002,41,1,0.810539588766763,0.5856838524680417
18.5204303,73.85674370000002,34,0,0.6248561505963507,0.7807398997501733
18.2825268,73.97349200000002,30,1,0.7652794063044481,0.6436982447438484
18.508934,73.92591019999998,40,0,0.7256131507635004,0.6881028669022283
18.508934,73.92591019999998,18,0,0.9636173809755845,0.26728550855172695
18.466969,73.857603,20,1,0.34399364187247233,0.9389719774047111
18.5144313,73.86538329999998,25,0,0.8534924852128665,0.5211051503153322
18.5421757,73.88925170000002,72,1,0.6421008036884425,0.7666202175149416
18.5788913,73.7706807,19,1,0.7695243412709055,0.6386174819025697
18.5446581,73.80291820000002,23,0,0.9146374862245575,0.4042749915500862
18.5204303,73.85674370000002,22,0,0.8163216197583055,0.5775976221515948
18.5204303,73.85674370000002,42,1,0.7502007850835218,0.6612100892001479
18.5445099,73.93844190000002,19,1,0.7157819146368094,0.6983238866592373
18.4452577,73.8610191,36,0,0.6911541117001855,0.7227074054414605
18.5419934,73.78161539999998,31,0,0.892577998630676,0.4508930209711135
18.5062414,73.91297420000002,65,0,0.8028500004312542,0.5961810771967987
18.5529226,73.879711,19,0,0.5539992643105003,0.8325171560655218
18.5144313,73.86538329999998,22,0,0.9778901708746284,0.209119137590968
18.5009698,73.9429625,42,0,0.700877559924863,0.7132816035716679
18.5788913,73.7706807,30,0,0.5675129764130344,0.8233644524770417
18.4654546,73.85468209999998,28,0,0.49964513220787704,0.8662301898808267
18.5033258,73.8669456,32,1,0.7629201912370285,0.6464926773002584
18.519901,73.864926,19,1,0.7488907066521266,0.662693526066219
18.5204303,73.85674370000002,52,0,0.8243125250298674,0.5661350201841291
18.4877372,73.8704877,45,0,0.5861032761883429,0.8102363541839449
18.5330323,73.933003,19,0,0.8349175265409071,0.5503750756300776
30.4750254,77.76523459999999,18,1,0.8555710311081948,0.5176854360791507
18.5009698,73.9429625,27,1,0.7137403460959277,0.7004103928090054
19.0948287,74.74797889999998,28,0,0.7482131452278965,0.6634584307311036
18.5042097,73.8590865,55,0,0.8708175096255802,0.49160641262040355
18.5204303,73.85674370000002,70,1,0.5794685604988159,0.814994593474969
18.5204303,73.85674370000002,35,0,0.9443774819427176,0.32886345433862363
18.5648185,73.81250159999998,24,1,0.8709738812371666,0.49132931746707925
18.4603452,73.86925740000002,41,0,0.5677045037298123,0.823232407309678
18.5204303,73.85674370000002,43,0,0.6447877335707626,0.7643616805130142
18.509602800000003,73.9470036,20,1,0.4904056177070393,0.871494308714278
18.523632,73.862082,18,0,0.7085554938097173,0.7056550943570575
18.5019469,73.86629169999998,23,1,0.8440579509656716,0.5362519700771569
18.5204303,73.85674370000002,19,1,0.6231467749263114,0.7821049142531563
18.5018322,73.8635912,67,0,0.5744852010273144,0.8185149685867731
18.573509,73.884586,27,0,0.6516464134130047,0.7585228749918933
18.4869571,73.94332990000002,75,1,0.6811054727853538,0.7321853146177132
18.5382996,73.8642527,23,1,0.8076369553517184,0.5896800389619835
18.4726725,73.9784573,18,0,0.8666772824210405,0.4988692094480075
18.5529226,73.879711,21,0,0.9162620415561035,0.40057941934582886
18.5204303,73.85674370000002,52,0,0.8053872133250498,0.5927490502839382
29.9093759,73.87998050000002,22,1,0.6942164760950351,0.7197662706171994
18.5662076,73.81130040000002,61,1,0.7269062022858511,0.6867367567549892
18.5601649,73.8031335,42,0,0.8600503274108126,0.5102092064247313
18.4962306,73.95269789999998,33,0,0.722203522849028,0.6916806138561739
18.5204303,73.85674370000002,38,0,0.8128244457038689,0.5825087299484861
19.0948287,74.74797889999998,32,1,0.8560020236861821,0.5169724706840403
18.5053012,73.93892129999998,18,1,0.8136933849462423,0.5812943103925294
18.5204303,73.85674370000002,32,0,0.5141246208124868,0.857715497280081
18.5158792,73.85803969999998,22,0,0.8556959899316602,0.5174788621913712
18.5529226,73.879711,25,1,0.8002293724325839,0.5996940482413954
18.5051349,73.8665321,19,0,0.6249193838240669,0.7806892875664099
18.5944704,73.9275889,19,1,0.774720509399766,0.6323038291164834
18.5492228,73.93900179999999,25,0,0.32903890776561007,0.9443163649839043
18.4877372,73.8704877,19,0,0.28365820238284906,0.9589254529007616
18.5053012,73.93892129999998,25,1,0.6981184239791209,0.715982308511117
18.5187779,73.8427933,37,0,0.5763321602985807,0.8172155413387407
18.5419934,73.78161539999998,45,1,0.624315793280827,0.7811720618788999
18.5625986,73.85235820000003,19,1,0.7636039888482131,0.6456848675748086
18.508934,73.92591019999998,35,0,0.5936308041481664,0.8047375151975962
18.4483159,73.86671799999998,19,0,0.4092594062166161,0.9124180721704404
18.532397600000003,73.94406459999998,75,1,0.8145899918262064,0.580037192959711
18.4644859,73.8048496,21,1,0.7044190037765616,0.7097843807230731
18.4749851,73.80245740000002,22,0,0.755779084886675,0.6548266754247724
18.4914883,73.82172899999998,29,0,0.6005877864805884,0.7995588225580074
18.4914883,73.82172899999998,46,0,0.5211192429531187,0.8534838807054111
18.532397600000003,73.94406459999998,60,0,0.5582644556447443,0.8296630626728403
18.5204303,73.85674370000002,19,0,0.760987534303566,0.6487665008572644
18.5538241,73.9476689,42,0,0.8645405469763567,0.5025630732891364
18.5206329,73.83372039999998,23,0,0.6462660941846341,0.7631121382256593
18.5788913,73.7706807,42,0,0.6661386126794161,0.7458279618635539
18.366277,73.7558777,43,0,0.7830486099389433,0.6219605087726138
18.4864727,73.79683399999998,46,1,0.7510852315156404,0.6602052521747285
18.5633438,73.91374379999998,34,1,0.8238251735239334,0.5668439674798181
18.4864727,73.79683399999998,44,0,0.8544726161601127,0.5194964371701626
18.4840972,73.81102790000001,19,0,0.8233802234141732,0.5674900947949896
18.4864727,73.79683399999998,21,0,0.5498432220248114,0.8352678799004388
18.4864727,73.79683399999998,19,1,0.5889693222944375,0.8081553918622525
18.4805957,73.80128420000001,18,1,0.45809345817865904,0.8889040350757315
18.4864727,73.79683399999998,19,0,0.5528968685816879,0.8332496940968919
18.4749851,73.80245740000002,38,0,0.6943827897775702,0.719605823531688
18.4661512,73.78217190000002,80,1,0.2586246712935801,0.9659778876342293
18.4860952,73.81950669999998,63,0,0.8613595980105424,0.5079957115125253
18.4890618,73.79240940000003,22,1,-0.02624034291604089,0.9996556629178112
18.5788913,73.7706807,68,0,0.35901455130424803,0.9333319623541291
18.5709235,73.83508309999998,41,0,0.7585795399711239,0.6515804490139325
18.5204303,73.85674370000002,19,1,0.5669073119263749,0.8237815849388792
18.512471,73.866644,25,0,0.4657563690737442,0.8849129927101547
18.508934,73.92591019999998,24,1,0.8128358160935286,0.582492863540462
18.5066598,73.86385909999998,42,1,0.7138465022244591,0.7003021999550659
18.5235518,73.906346,60,0,0.8022152878083829,0.5970348666589861
18.4452577,73.8610191,18,0,0.6575562647976974,0.7534054410643054
18.53835,73.86471829999998,28,1,0.8217464516443116,0.5698532874433411
18.4452577,73.8610191,21,1,0.845248996331096,0.5343726548030643
18.5524294,73.89748490000002,35,0,0.5876807534740252,0.8090929069001916
18.496606600000003,73.94429420000002,36,0,0.8586452683094926,0.5125702909940446
18.4835253,73.9527066,32,0,0.8398430393076323,0.5428293187794104
18.5234503,73.9853801,32,0,0.5837578166297572,0.8119278364015232
18.528435,73.83234920000002,32,0,0.7180713321557468,0.6959695122173608
18.5106996,73.8492423,26,0,0.5021512732045992,0.8647797978786276
18.5204303,73.85674370000002,53,0,0.8226953904096195,0.5684824488045026
18.508934,73.92591019999998,23,0,0.6338969612621695,0.7734175085311862
18.1529373,74.087339,24,0,0.4324570495492422,0.9016545348941379
18.5231959,73.85383639999998,24,0,0.737066675247566,0.6758200324343007
18.4616438,73.87250429999997,24,0,0.17990672971051705,0.9836836730396957
18.4595714,73.8118305,18,0,0.7974059503215711,0.6034432453775185
18.5204303,73.85674370000002,30,0,0.6965321065351108,0.7175256264174549
18.4692184,73.8696023,45,0,0.747260685779036,0.6645310131882821
18.5082486,73.8440548,27,1,0.8333968024501698,0.552675103171685
18.4961383,73.8384476,24,1,0.6976878715860159,0.7164018661629624
18.5679146,73.91434319999998,19,0,0.5110771131685781,0.8595348651423469
18.4877372,73.8704877,18,0,0.8063405720331969,0.591451504261488
18.4574675,73.76984920000002,41,0,0.7239672790222202,0.6898343126470028
18.512164,73.86975100000002,23,1,0.660688743820008,0.7506599654900612
18.4452577,73.8610191,19,1,0.8870208188373149,0.46172943045595377
18.2825268,73.97349200000002,27,0,0.654483331824851,0.7560764302393258
22.335963600000003,69.08700879999999,37,0,0.6842032608397126,0.729291366914695
18.4529322,73.86523799999998,36,1,0.8147007292360928,0.5798816446329187
18.5204303,73.85674370000002,22,1,0.5021603089017468,0.8647745510615482
18.4454128,73.7801446,31,0,0.6622422573520604,0.7492897921213443
18.5709235,73.83508309999998,42,0,0.5677458158256468,0.8232039167864004
18.555655,73.953631,43,0,0.5636981556414535,0.8259808649880599
18.5158792,73.85803969999998,49,0,0.8368039534617547,0.5475026424326894
18.5234503,73.9853801,31,1,0.6713974602789641,0.74109746344928
18.5158792,73.85803969999998,19,1,0.5806325583367448,0.8141657277233713
18.5155706,73.86282740000001,19,0,0.6664476986298156,0.7455517855863686
18.4455227,73.8305055,22,0,0.8319826103489084,0.5548017087906421
18.5261048,73.9548365,25,0,0.7627675116169332,0.6466728100219705
18.5529226,73.879711,32,1,0.5777067732726411,0.8162443776926817
18.9698331,72.81683829999999,20,1,0.9218714946983216,0.38749573838002715
18.5436567,73.78507429999998,19,0,0.9778615479005376,0.2092529405708903
18.5788913,73.7706807,46,0,0.8512384808888251,0.5247790474610103
18.5204303,73.85674370000002,29,1,0.7232771416704309,0.6905578732713511
18.5204303,73.85674370000002,34,0,0.38895056145746615,0.9212586285847866
19.0948287,74.74797889999998,27,1,0.7548161064062042,0.6559364645373649
19.1132337,73.73267750000002,28,0,0.6749540674566239,0.737859747393608
18.4529322,73.86523799999998,19,0,0.4884560184958103,0.8725885158510973
19.8886293,76.04499299999998,19,1,0.561556110180392,0.8274386594298501
18.546553,73.890142,55,0,0.759341569773399,0.650692231714864
18.5442047,73.8356575,80,1,0.8912023554223891,0.4536059542042914
18.5512771,73.92098940000002,23,1,0.7982282977134607,0.6023550321276238
18.4917176,73.8240616,19,0,0.7040758153957993,0.7101248102796721
18.5012159,73.83215440000002,26,0,0.7012753071501402,0.7128905551215253
35.7079052,140.5643284,37,1,0.6459129880976751,0.7634110372576053
18.5529226,73.879711,80,1,0.7524713836896962,0.6586249439006345
18.5966513,73.9265252,42,0,0.6375159118847964,0.770437188934761
18.5321814,73.93315279999999,65,0,0.8219732955344181,0.5695260322656798
18.5073514,73.8076543,18,0,0.5318545596319043,0.8468357145271762
18.5021281,73.83211039999998,35,0,0.8252125118440891,0.5648223705696944
18.5096085,73.7971651,65,0,0.5100101830852531,0.8601683632576512
18.5204303,73.85674370000002,65,0,0.8307518236408391,0.5566429803001384
18.4930461,73.8207698,38,0,0.41270223306328974,0.9108659982810722
18.509602800000003,73.9470036,20,0,0.41786179735846607,0.9085106044006048
18.509602800000003,73.9470036,28,0,0.7480040551653119,0.6636941565632841
18.4726725,73.9784573,18,0,0.701143514993106,0.7130201760000289
18.5204303,73.85674370000002,20,1,0.6893081143760714,0.7244683039687139
18.4997709,73.94574720000001,38,1,0.770511946370919,0.6374255568297352
18.5529226,73.879711,24,0,0.8785851221408706,0.47758578617114594
18.5529226,73.879711,27,0,0.8324370926543639,0.5541195599986973
18.5204303,73.85674370000002,23,0,0.8476912656752836,0.5304898850099177
18.4636826,73.877567,32,1,0.7603164489614439,0.6495528442233627
18.5053012,73.93892129999998,40,1,0.7589966460723998,0.6510945332675189
18.5529226,73.879711,31,0,0.2890585345298594,0.9573114245716752
18.5652404,73.9140352,70,0,0.8163883465109855,0.5775033053421073
18.485861,73.84963599999998,22,1,0.521093480967013,0.8534996098966192
18.509085,73.85526290000001,60,0,0.5966814816809941,0.8024781675653073
18.5116076,73.8705626,24,1,0.6098478873771445,0.7925184882774873
30.4750254,77.76523459999999,25,0,0.7507548514728185,0.6605809208492373
18.5770411,73.7779125,19,0,0.7755037224979852,0.6313429942525441
19.0948287,74.74797889999998,72,1,0.6517999629347568,0.7583909336999287
13.6287557,79.4191795,40,0,0.9054275192029998,0.424500892189759
18.463740100000006,73.8508098,18,1,0.8875190611988354,0.46077100170121155
18.5128092,73.84377640000002,66,1,0.5826971204279745,0.8126894030593401
18.5788913,73.7706807,21,0,0.880234616774709,0.47453874386764366
18.5144313,73.86538329999998,21,0,0.6758713171638271,0.7370196487443421
18.5590032,73.78676290000001,28,1,0.6382184992413412,0.7698552768060567
18.5063909,73.86028409999999,22,1,0.758015149449118,0.6522369456000108
18.5529226,73.879711,42,0,0.7243913872470849,0.6893889454308388
18.5204303,73.85674370000002,39,0,0.5522350741262233,0.8336884447470797
18.4527707,73.8669677,25,0,0.49090513326966906,0.8712130337233761
18.5083204,73.85670019999998,21,0,0.7788781629772121,0.6271752603836055
18.5292326,73.82499729999998,73,0,0.641673220778618,0.7669781468435688
18.5051349,73.8665321,69,0,0.6726341837714775,0.7399751717605654
18.5204303,73.85674370000002,21,0,0.5205713836709691,0.853818150722326
18.5332778,73.937156,23,0,0.5956627231731509,0.8032346607448823
18.5235518,73.906346,23,0,0.8311355721734787,0.5560698343444501
18.4877372,73.8704877,22,0,0.7751666544245334,0.6317568027874936
18.5204303,73.85674370000002,21,0,0.8661140121726228,0.49984649435425843
18.5204303,73.85674370000002,28,0,0.5136568588076569,0.8579957059332237
18.527059,73.862528,32,0,0.663179532564131,0.7484603580604793
18.517454,73.8612411,85,1,0.8254017583383638,0.5645457796600176
18.5204303,73.85674370000002,47,1,0.5108915081232541,0.8596451982809808
18.5204303,73.85674370000002,22,1,0.8135281177593129,0.5815255812214881
18.4914883,73.82172899999998,19,0,0.547968482003164,0.8364989795159037
18.506479,73.87505,18,1,0.7269046809516845,0.6867383670733199
18.4574675,73.76984920000002,30,1,0.6787038799992754,0.734412039167339
18.5329125,73.8547709,21,0,0.9040744626431193,0.4273749711863752
18.4452577,73.8610191,19,0,0.6567394948202511,0.7541175213076815
18.5144313,73.86538329999998,51,0,0.7002245681341877,0.7139226528002109
18.5274647,73.82536490000003,21,1,0.7312300728348424,0.682130911615909
18.4452577,73.8610191,20,1,0.8433284420337189,0.5373984916772473
18.553295,73.91099770000002,22,0,0.9296945670780837,0.36833138875948984
18.5529226,73.879711,45,0,0.9911283534048593,0.1329081904059055
18.5466777,73.8022046,19,1,0.5299147834880459,0.8480508960202904
18.5019469,73.86629169999998,29,0,0.8552809149426526,0.5181646037070258
20.8880469,70.4011569,20,1,0.8447560394321313,0.5351515989352358
18.526739000000006,73.862039,35,0,0.7768125700097201,0.6297318723670366
18.5204303,73.85674370000002,19,0,0.44825442025216333,0.8939060211926066
18.5162039,73.857534,27,1,0.7835133176777079,0.6213749922725175
18.5069039,73.85721699999998,37,0,0.8852457436998451,0.46512361073300523
18.5204303,73.85674370000002,19,1,0.5256635588602115,0.8506925548554054
18.6498326,74.1935341,19,1,0.8296571616009492,0.5582732254051384
18.5308164,73.84794269999998,19,0,0.7591862862386837,0.6508733999689306
18.5204303,73.85674370000002,18,0,0.6740352583641883,0.7386991745507246
18.508934,73.92591019999998,20,1,0.8394915590426569,0.5433727287011461
18.527059,73.862528,31,1,0.8836682940934241,0.4681136037480836
18.5538241,73.9476689,24,0,0.868764057941052,0.4952262226798944
18.5512771,73.92098940000002,32,0,0.6636007674567805,0.7480869076723452
18.5051743,73.87939509999998,53,0,0.45725158221102047,0.8893373884896094
18.5944704,73.9275889,25,0,0.8039041556190973,0.5947588659098292
18.5000482,73.85901319999998,22,1,0.42794006046246824,0.9038071169510555
18.51576,73.85688979999998,19,1,0.9096012560881251,0.41548231601706587
18.5133628,73.85383949999998,19,0,0.8723600548143375,0.4888639225432022
17.6599188,75.9063906,23,0,0.7408100864562391,0.6717145344599144
18.564084,73.80270300000002,42,0,0.6306242516736239,0.7760883024508757
18.5009698,73.9429625,67,1,0.6321540749301748,0.7748427101994152
18.554556,73.937714,19,1,0.7959954857208946,0.6053025579922466
18.6281073,73.8241228,28,0,0.6465044177600615,0.7629102423068679
18.5591057,73.88674499999998,20,0,0.7879138445222247,0.6157854931794087
18.4726725,73.9784573,29,1,0.5550170090941985,0.8318389986145939
18.4726725,73.9784573,67,0,0.7265672145085643,0.6870953957066412
18.5756298,73.76432059999998,55,1,0.7731588378614537,0.634212433997258
18.5083204,73.85670019999998,27,0,0.5752473932103538,0.8179794842199238
18.5143336,73.8649302,19,0,0.7233046748273972,0.6905290344169702
18.4901977,73.83970090000003,62,1,0.8315991343021707,0.5553763407167074
18.5362084,73.8939748,29,0,0.6900771206360573,0.723735841018426
18.5333826,73.87701729999998,27,1,0.9750240724507572,0.22209920788138945
18.526664,73.82532900000002,32,1,0.3821926643761442,0.9240826625887232
18.5051349,73.8665321,21,0,0.6777947479372692,0.7352511677438218
18.5023823,73.81534570000002,47,0,0.5225018665086398,0.8526381410041352
18.5243308,73.6138821,43,1,0.688864685026423,0.724889954216119
18.4840972,73.81102790000001,28,1,0.8580807940419817,0.513514703680705
18.5944704,73.9275889,25,0,0.6793680186948979,0.733797720884011
18.5000482,73.85901319999998,22,1,0.6848781549172124,0.7286576102101693
18.51576,73.85688979999998,19,1,0.8113573150439135,0.5845505173419417
18.5009698,73.9429625,19,0,0.8406470469795388,0.5415833660708027
18.4726725,73.9784573,23,0,0.6054245681966313,0.7959026901725629
18.4726725,73.9784573,67,0,0.7602900069666938,0.6495837939069791
18.5756298,73.76432059999998,29,1,0.9400111387880468,0.34114375115836365
18.5143336,73.8649302,29,1,0.4494889578380475,0.8932858874860086
18.4901977,73.83970090000003,27,0,0.7200107494395305,0.6939629101699353
18.5362084,73.8939748,32,0,0.5177165119413296,0.8555522270810257
18.5333826,73.87701729999998,21,1,0.802137581585035,0.5971392636637716
18.526664,73.82532900000002,47,0,0.5907838795965761,0.8068298504696132
18.5023823,73.81534570000002,23,1,0.8804229640538953,0.4741892073492958
18.5243308,73.6138821,19,0,0.7203819618350118,0.6935775580731687
18.4840972,73.81102790000001,18,0,0.697150173581453,0.7169251254317635
18.4914883,73.82172899999998,34,1,0.5004548809565496,0.8657626188088544
18.506479,73.87505,25,0,0.9383769064485346,0.3456136302926696
18.4452577,73.8610191,34,1,0.6678834299917272,0.7442658959958367
18.5144313,73.86538329999998,36,1,0.5517665004669408,0.8339986384655945
18.5274647,73.82536490000003,22,0,0.8896121168219905,0.45671685057976263
18.4452577,73.8610191,51,0,0.7437975536129018,0.6684049664982019
18.5019469,73.86629169999998,32,0,0.44770749124788006,0.8941800726254916
18.5308164,73.84794269999998,21,1,0.6170765696078544,0.7869031117240564
18.508934,73.92591019999998,25,1,0.6899262881468956,0.7238796287531836
18.527059,73.862528,21,0,0.7856330265173562,0.6186927732285056
18.5538241,73.9476689,60,0,0.7123012555244592,0.7018738642934919
18.5512771,73.92098940000002,19,0,0.8355418266306908,0.5494268431289545
18.5051743,73.87939509999998,30,1,0.3895919410788887,0.9209875783344658
18.4726725,73.9784573,33,1,0.5771989789029637,0.8166035382934463
18.5529226,73.879711,22,0,0.7068911060088228,0.7073223906010776
18.5529226,73.879711,18,0,0.8028957303201928,0.5961194898957793
18.509085,73.85526290000001,24,1,0.9348124630431451,0.35514174485578065
30.4750254,77.76523459999999,23,0,0.8557757975533401,0.5173468704089594
18.5770411,73.7779125,22,1,0.5667514473964117,0.8238888255548029
19.0948287,74.74797889999998,19,0,0.6925518483184243,0.7213681011735508
18.463740100000006,73.8508098,18,0,0.7203571114958396,0.6936033678676673
18.5590032,73.78676290000001,21,1,0.5441868803312587,0.838964027402446
18.5063909,73.86028409999999,21,0,0.7593988734824639,0.650625353758647
18.5204303,73.85674370000002,28,1,0.5646282929215176,0.8253453161147356
18.4527707,73.8669677,22,1,0.48236882010502413,0.8759682193952512
18.5051349,73.8665321,39,0,0.6123856012587494,0.7905592168654794
18.5204303,73.85674370000002,21,0,0.5052428268794439,0.8629772221135783
18.5332778,73.937156,23,1,0.6873378231473513,0.7263378806527031
18.4877372,73.8704877,23,1,0.5476822456645245,0.8366864154412114
18.517454,73.8612411,21,0,0.7573651348043721,0.6529916175440198
18.5204303,73.85674370000002,28,0,0.7097242252822542,0.7044796122298389
18.5204303,73.85674370000002,22,0,0.33504781303893477,0.9422011266061122
18.5155706,73.86282740000001,35,0,0.8008015817085322,0.5989297343871925
18.4455227,73.8305055,31,0,0.7294079773827558,0.6840789446623813
18.5261048,73.9548365,62,0,0.7153552415961363,0.6987609593565839
18.9698331,72.81683829999999,18,0,0.886013259989589,0.46365990027456655
18.5788913,73.7706807,29,0,0.9364666464587398,0.3507566393816681
18.5204303,73.85674370000002,26,0,0.7756840932006728,0.6311213730776751
19.0948287,74.74797889999998,20,0,0.5493681661038887,0.8355804079031832
18.4917176,73.8240616,22,0,0.9708718692787064,0.2395992768003911
18.5529226,73.879711,25,0,0.7810923006782631,0.6244155810204755
18.5966513,73.9265252,32,0,0.6745382397883419,0.7382399088800641
18.5073514,73.8076543,19,1,0.827761289946624,0.5610804281615079
18.5021281,73.83211039999998,21,0,0.7922361410147993,0.6102146318058744
18.4930461,73.8207698,68,1,0.454637303831539,0.890676665218523
18.509602800000003,73.9470036,18,1,0.6145052351745931,0.7889127429209253
18.4529322,73.86523799999998,22,0,0.7285353854052075,0.6850081694494495
18.5204303,73.85674370000002,31,0,0.7268463693853772,0.68680008394823
18.4454128,73.7801446,42,0,0.8949911795785102,0.44608383570430676
18.555655,73.953631,20,1,0.9864753400323197,0.16390974195611208
