age,gender,sin_time,cos_time,intensity
33,0,0.6050900843265542,0.796157013314386,0.14386198510394643
42,1,0.656389925593835,0.7544218087906259,0.8966936903553037
19,1,0.7439016592674368,0.6682891001199663,0.1497159095209778
22,0,0.6820776173323867,0.7312797849894213,0.09772539223571874
18,0,0.9785444696303552,0.20603572737718767,0.23113093873266732
21,0,0.9011577642009134,0.4334912732921055,0.053067334354856
21,1,0.805522920260268,0.5925646166751521,0.971474714753385
25,1,0.6507052118807238,0.7593304466642058,0.14408882882601903
19,0,0.6080663930444475,0.7938861767595626,0.8547215083120775
26,0,0.8853050388145076,0.4650107399293518,0.2927351466673236
20,1,0.6141767232242176,0.7891685198039534,0.10675512778574381
18,0,0.6979055458530345,0.7161898135742912,0.4077254717138705
29,1,0.7861202700886843,0.6180735562663184,0.05252586259901293
25,0,0.8175170324022684,0.575904420656925,0.9115068231454199
26,0,0.5966497658152881,0.8025017488781953,0.3486383500345095
48,1,0.8687131566776861,0.4953155069398594,0.3527556054633959
18,0,0.6769856022868682,0.735996259702647,0.09916252924795899
20,1,0.489388210964973,0.8720660404857553,0.6815905221321297
27,1,0.7444383541570267,0.6676911987288564,0.876951689971184
19,0,0.7473418618679404,0.6644397199895264,0.459389876857182
33,0,0.4674082030119392,0.8840416120054247,0.6047173306894669
44,1,0.4657347095299922,0.8849243924420965,0.5074411996003995
44,1,0.6703049486172725,0.7420857604476693,0.3577908986353934
46,0,0.6737542094125145,0.7389555232210647,0.662673846007651
30,0,0.7578313843577239,0.6524504524348618,0.5505770834046102
21,0,0.445578909948203,0.895242668224304,0.989640680326291
22,0,0.6147590776986417,0.788714952557079,0.21539124247520014
24,0,0.4648735374007512,0.8853770915403856,0.08696465220344729
28,0,0.8745871099085253,0.4848684225455946,0.5102056771930948
19,0,0.2749778880683554,0.961450550508692,0.40469343092621013
35,0,0.6845369405731536,0.7289781731922752,0.3850126490781497
72,0,0.5865269781887376,0.809929690687277,0.26462146996295954
51,0,0.7171514093850652,0.6969173954042291,0.12250795283708393
50,1,0.7690853973495234,0.639146033065782,0.449019644733747
19,1,0.7903466143967764,0.6126599620601569,0.2640350014560068
36,0,0.5414642444416203,0.8407237786522189,0.8646952902407842
21,0,0.4746218324174033,0.8801898182737325,0.5818045769776048
60,0,0.8805941279201515,0.4738712714150838,0.05030377619949555
20,1,0.3576148885635669,0.933869151154308,0.9090280797944172
55,1,0.6238404034127631,0.7815517584074653,0.2944050232879062
55,0,0.6349789684961006,0.7725294231080315,0.7404531202023242
40,0,0.6161251825280433,0.7876482460177165,0.360330502368273
18,1,0.6812281293390189,0.7320711958527399,0.5969464160319151
80,0,0.737522685577077,0.6753223587733312,0.1517246494961847
35,1,0.7686402221521367,0.6396813338607857,0.27140240892154566
19,0,0.7248188658790712,0.6889394833116889,0.1461502317999056
20,0,0.6339411110514921,0.7733813210304473,0.6909375919279828
19,1,0.8309947698397928,0.5562802283911498,0.8086148275279101
20,0,0.7645837866312625,0.6445243464917366,0.5744577290072848
55,1,0.8068929449603276,0.5906977021905957,0.45176400895808855
70,1,0.6267857790586521,0.7791916241656083,0.5684248943499741
29,0,0.8086395316926424,0.5883044346117952,0.8813839329226916
65,0,0.3843093160845613,0.9232043920880232,0.3564805875296051
20,1,0.8547903206056376,0.5189735135812917,0.355820484206107
26,1,0.6579915319492371,0.7530253275176714,0.9424557462837975
19,0,0.8380331575907292,0.5456193057237914,0.9933505243181857
21,0,0.8589997444101545,0.5119760141874709,0.6077040576177419
26,0,0.8829477281147023,0.4694713084066859,0.09260381892186587
29,0,0.41453610084970494,0.9100328681384664,0.3759321383126927
19,0,0.5568268516353536,0.8306285916688998,0.9240992041345896
40,0,0.5540681947535974,0.8324712821247888,0.6662696183327188
31,0,0.4394622476874631,0.898261060526105,0.2732924911006239
24,0,0.6307296856392186,0.7760026183289929,0.5027356630936712
48,0,0.509632897958289,0.8603919509843384,0.36688220894039025
21,0,0.6861254458891167,0.7274832455139161,0.4544917283711314
19,1,0.4537761336725918,0.8911157166772192,0.5333984384803752
50,1,0.7881722140229404,0.6154547595414113,0.6291534173867888
19,0,0.992483741531324,0.12237656146494673,0.9297846251883274
19,0,0.8353122886238787,0.5497757547163552,0.17170973037952453
39,0,0.7348920214014304,0.6781841319881493,0.01344544933476044
19,1,0.6900020094762461,0.7238074515496109,0.41780829000920217
20,1,0.5038539954694982,0.8637888348719396,0.3625268091650802
40,0,0.6859015906414155,0.7276943094154138,0.9096381744445631
40,0,0.4375067705048131,0.8992151165113099,0.32112349048264577
20,1,0.6550415404940982,0.7555928667127018,0.2519649311880867
40,0,0.7816794254171586,0.6236804276867286,0.48941796184169384
76,1,0.6837223078197789,0.7297422872422807,0.4686622956810632
23,0,0.5891936041017628,0.8079918915964289,0.22708043606343853
54,0,0.8675517786127372,0.4973468723394932,0.47082165875152615
50,1,0.8551200028375653,0.5184301117287483,0.31366141807092285
19,0,0.9423283028778192,0.33468996040426585,0.09663580662466043
24,1,0.7767635910919214,0.6297922860388038,0.2025439633024223
70,1,0.431652742004704,0.9020398607156008,0.48972665374522595
21,0,0.9123489610191184,0.4094134503498088,0.03118016714770222
28,0,0.7140029873152712,0.7001426526822007,0.4313212226168166
50,1,0.7829543273505559,0.6220791921315472,0.16836952238297953
18,1,0.6244012828484223,0.7811037306128069,0.34331636609904315
19,0,0.6718321656371831,0.7407034097499839,0.10402628033030281
18,0,0.7678154646962511,0.6406710639425509,0.4847963507192188
19,0,0.7757345888232621,0.6310593060110947,0.17801313770235494
20,0,0.5040507703969771,0.8636740246541018,0.24975112086209306
9,0,0.6422794678898867,0.7664705376771399,0.0638919223378086
31,0,0.6205446651930702,0.7841711028215848,0.9414523625534785
38,1,0.7495905208396405,0.6619018439824417,0.91139323305829
22,1,0.2897781030940588,0.9570938569269,0.2772701505624785
20,0,0.5293343257626495,0.8484133259027709,0.4518159347440235
36,0,0.4947640347864276,0.8690273585347327,0.03732655195548684
35,0,0.6533852127199734,0.7570256031329952,0.045052271373057895
36,1,0.7526620931226256,0.658406996907132,0.6981555564618845
40,1,0.8798359586760874,0.4752774829723477,0.9133791838099711
23,0,0.9383485249110848,0.3456906793611755,0.30026684825226124
22,0,0.7476640249077932,0.6640771836606637,0.7054916934628479
58,1,0.7943032554202152,0.6075214715784524,0.020162446253671695
19,0,0.8824399961156084,0.4704249709097987,0.5217700884605982
19,1,0.6850123438380127,0.7285314603979379,0.6513708690376739
35,0,0.4815200283373545,0.8764350873339071,0.13786380609105908
83,0,0.9098548965969332,0.4149265804194571,0.4073974989340642
25,1,0.697978280218439,0.716118928910073,0.07182864078333417
29,0,0.7907665177928419,0.6121178925156354,0.15765220010886505
21,1,0.37502231843381095,0.9270157823233266,0.29897810357194243
23,1,0.7701264167133262,0.6378912934664435,0.7334711800270165
28,0,0.4426760120084105,0.8966816315684902,0.6410621163926638
43,0,0.4440509413659393,0.8960015409986878,0.65328470200496
22,1,0.9214156950228962,0.3885783279667988,0.9776963017265892
27,1,0.8969386247831962,0.4421550671111084,0.35934536906156733
60,0,0.8520008802896837,0.523540351821714,0.8808985521572067
38,1,0.7962410805873075,0.6049794555066782,0.4944537315523564
19,1,0.925824357033119,0.3779540447252968,0.29784191338250965
35,0,0.6096034216262348,0.7927065461705152,0.006802039894400536
75,0,0.6504588408615115,0.7595415040306216,0.34687830133936126
75,0,0.7994484941066565,0.600734637981363,0.8889258018786382
19,1,0.6984527347434137,0.7156561865375346,0.08333338036116789
55,1,0.7249286583783014,0.6888239544773657,0.8481666512831689
45,0,0.8096389896204033,0.5869281953411786,0.10404126350685095
22,0,0.7854600395734692,0.6189123736307459,0.7540472710731663
33,1,0.6117895049785311,0.7910206075685536,0.9060071885109918
24,0,0.816019063658894,0.5780249888588399,0.8030799573306099
18,1,0.6756065452955365,0.7372623657517249,0.894773323695481
38,0,0.7377509790644287,0.6750729537535013,0.9649598613455271
29,0,0.6220495259373302,0.7829778970578561,0.8713065528950331
69,1,0.8556720467874789,0.5175184521797522,0.28483099865676353
28,0,0.7978767244663952,0.6028206470873207,0.9756589794079327
35,1,0.7946928483676953,0.6070117599793593,0.7904277469787399
45,1,0.7331814967457716,0.6800330086323974,0.10701047084313842
86,0,0.8772545291584765,0.4800255108543085,0.8982571396014503
40,0,0.6360136136582374,0.7716778364326594,0.24043605835248616
35,1,0.8797117726791278,0.475507304896304,0.14060949594066363
32,1,0.8228759792778757,0.5682210157390142,0.5266893154316995
19,0,0.6670868233475682,0.7449799796746557,0.44053416624360386
24,0,0.7408574102826063,0.6716623389988082,0.1378202073964122
20,0,0.7036124138302838,0.7105839648513899,0.7834337817237977
40,0,0.5724613520909175,0.8199317046938961,0.9502432269361335
44,0,0.7158683051474277,0.6982353254350206,0.7103240919380882
39,1,0.466094552162333,0.8847349142226695,0.060686115825650866
24,1,0.6299326781386445,0.7766497415264328,0.14087244069674165
58,0,0.7124744296590203,0.7016980740190567,0.15269115340732775
55,0,0.4132830103138891,0.9106026319893272,0.46961618713868525
27,0,0.4676594574384794,0.8839087237200157,0.3349865403024598
22,1,0.9237976671411272,0.38288101308972106,0.15726522575365975
20,1,0.909445209402602,0.4158237740854383,0.8959129698827855
32,0,0.7631442124794161,0.6462282189437194,0.32108116009532084
20,0,0.4968208276314993,0.8678531357502559,0.8594551582304413
25,1,0.5476257254286467,0.8367234100040158,0.8916064075552111
55,0,0.7951135622537181,0.6064605701281847,0.3401485909382653
52,1,0.571237964003775,0.8207844957605022,0.1576905812502407
20,0,0.9466598717496466,0.3222345220781639,0.8857528932862779
62,0,0.5752046434473506,0.8180095464947865,0.667354430841036
64,1,0.5638107111682454,0.8259040392030768,0.6656769622660381
49,0,0.5569666227211171,0.8305348765552432,0.09362501315547533
55,1,0.8056234221617343,0.5924279717099928,0.27482696318683064
65,1,0.6851659285377386,0.7283870196338059,0.5033154289122052
32,0,0.4131926106948333,0.9106436550414152,0.07162709167285752
50,0,0.7684608246581625,0.6398968361897852,0.9610413175370133
21,1,0.6445633235235749,0.7645509283025188,0.35209655200482426
28,1,0.8828887066255094,0.469582294931501,0.8615377164321663
31,0,0.7726567873394018,0.6348239826742169,0.2845863835720851
31,0,0.5852897523479972,0.8108242138690853,0.12497594895912101
19,0,0.6378599494262371,0.7701523777266147,0.1996514255763261
36,0,0.8887575423433011,0.4583776073587096,0.16396704273800866
52,0,0.463791537221695,0.8859443605563145,0.6019738217753955
48,0,0.5941913581106447,0.8043237096757919,0.2885146888965492
25,0,0.7925251998540859,0.6098391653511941,0.16651531079287174
69,0,0.6636233627877139,0.7480668635638971,0.13074645086418046
45,0,0.5823581708863391,0.8129323223995448,0.5675692729841311
72,1,0.5484266773306261,0.836198648403649,0.8417827086704028
28,1,0.5782667391534139,0.8158477666751791,0.03282135271959419
19,0,0.8436307677097008,0.5369237634651132,0.6160132861861263
33,0,0.6945561799467618,0.7194384705433547,0.6466568445106964
34,0,0.8136124835439786,0.581407539185208,0.35164899672107774
19,1,0.31950704164548643,0.9475839014773042,0.6504309400611187
23,1,0.8067276650607781,0.5909234082565904,0.5142849260642369
20,0,0.7118228794943721,0.70235901662066,0.7343612175018115
23,0,0.6607258392864952,0.7506273145171021,0.8322141642764217
19,1,0.7814775807583954,0.623933322376683,0.8321822645809688
25,0,0.4177391892821165,0.9085669869293732,0.7777339969150043
45,1,0.8721418371563042,0.4892531204618184,0.8904673223716884
18,0,0.8099329556755044,0.586522469570213,0.6512858835734037
48,0,0.34385734020882097,0.939021900481834,0.2427015334775361
21,1,0.33034727998353475,0.9438594570207368,0.04872565970748166
28,0,0.4786528473525588,0.8780042435667883,0.8123222006588481
25,1,0.4998511348406182,0.8661113340665542,0.020385583130451357
20,1,0.5286516935359603,0.8488388462609149,0.586506114074988
47,0,0.7167847904486012,0.6972944601684103,0.4973273507681323
20,0,0.7700510256588474,0.6379823021697053,0.9974444935616205
24,1,0.6308941858952036,0.7758688846729376,0.7618952797731694
35,1,0.6986102447563468,0.7155024290115843,0.9460315854023645
28,0,0.4544391335462011,0.8907777915405042,0.8484768506965461
22,0,0.8204249610150238,0.5717542158510915,0.3574489210728732
25,0,0.4622378967047412,0.8867559567603575,0.49379823535100753
26,0,0.4782017223714025,0.8782500285915305,0.8709600864990164
27,0,0.7410762648996292,0.6714208587781695,0.4224569240894285
19,0,0.812739611991809,0.5826270875091578,0.6628776438275287
19,0,0.7389298708801526,0.6737823431354083,0.6629459716384928
24,0,0.7705595048385835,0.6373680643889503,0.8768156487469978
24,0,0.6313548045363155,0.7754941075139842,0.2836042565073219
39,0,0.7638567673015477,0.6453858063574293,0.7994050900869378
44,0,0.7863535484110983,0.6177767370994756,0.6399375821165624
21,0,0.8658099363561161,0.5003730149668526,0.9310219973348933
25,0,0.7845115106710799,0.6201142552986343,0.6886760655088796
19,1,0.4462002731723133,0.894933135055884,0.8833976194201669
18,1,0.6503462706897383,0.7596378928146947,0.0739737753167623
46,0,0.7710147002242822,0.6368173458991677,0.3147355673502116
21,0,0.6662634496409615,0.7457164445501558,0.2235846918562806
30,0,0.6968637343474119,0.7172035525228384,0.3258139575843244
27,1,0.5753758305141192,0.8178891450925287,0.2270829792640321
52,1,0.6898055992576617,0.7239946375718388,0.06474320955903146
18,0,0.600896832378352,0.7993265895975579,0.5233191347920914
45,0,0.6938292386562595,0.7201395611863547,0.4852335414411917
50,1,0.6578374651097432,0.7531599229234037,0.5600823539526197
33,0,0.6877780197517489,0.7259210670220027,0.05705720232516864
36,1,0.8616454545681981,0.5075107000073626,0.6564711558255129
40,0,0.7648720239391138,0.6441822622482583,0.6986858261070471
22,0,0.4162987530191629,0.9092278857551004,0.6585990674378306
23,1,0.5617085820647979,0.8273351611256191,0.4392588431042974
33,0,0.82266378753756,0.5685281810731605,0.8079356489438276
24,1,0.6576870709084198,0.7532912562614166,0.66078204944395
26,1,0.9452716579283796,0.3262843740011659,0.8203184583691827
25,0,0.5736178185783122,0.8191230665836841,0.23541520375306324
70,0,0.7372068774155041,0.6756670925028703,0.04157759532292915
21,1,0.8207386937072587,0.5713037691558691,0.8808582751936701
54,0,0.6635277228903784,0.748151696486688,0.8386127904611697
19,1,0.6837492320994516,0.7297170599646209,0.7984299624825877
58,1,0.5813881719969778,0.8136263229898677,0.25671437884546433
75,0,0.6011206098870305,0.7991583149595858,0.0011885759402792129
22,0,0.8394493376879292,0.5434379536389572,0.8748646365635643
21,0,0.7966424732119707,0.6044508002101698,0.6728118758065089
27,1,0.563752162515155,0.8259440049176979,0.6816341508221875
31,1,0.6306688931939337,0.7760520260636774,0.37662971881554563
19,0,0.7288091478396187,0.6847168948005364,0.5470304832999127
31,0,0.4937148323302047,0.8696238637118682,0.5815262818414053
23,1,0.94415792306192,0.3294932720396606,0.2915750883128947
18,0,0.8026074046016249,0.5965076311990012,0.1797787103549564
21,1,0.7472562069522425,0.6645360495649182,0.0738794631841787
20,0,0.9223078158714404,0.3864560683731764,0.08302270743000206
20,0,0.6225982614024843,0.7825416314156096,0.8623733375470225
21,1,0.630739835214091,0.7759943687128801,0.022292213536002636
25,0,0.4926687103290586,0.8702169510315816,0.6324675988639056
19,1,0.9633128696505528,0.2683809143095262,0.5388503516666294
27,1,0.5447908678290065,0.838571947020718,0.7916824848983615
19,0,0.8952570494082533,0.4455500145716845,0.7101390037820711
25,0,0.8155069347105247,0.5787473018848934,0.044428382150852874
23,1,0.6975349766841954,0.7165507353301502,0.05985048622413491
19,1,0.5919089364255887,0.8060048455062342,0.4138345676649322
19,0,0.7125564752124351,0.7016147587051105,0.9197614746085359
22,0,0.8963867400246673,0.4432728418344051,0.43052383873944855
50,0,0.8226048402793374,0.56861346866655,0.16004506282864883
34,0,0.555899896407953,0.8312492437131158,0.11164920708988524
18,0,0.8698190700565328,0.4933708395983578,0.06464830903868968
34,0,0.56453114548461,0.8254117674093543,0.05430640552040944
81,0,0.7336418155516098,0.6795363761228222,0.3312973625125655
40,0,0.689650375044478,0.7241424999273353,0.11761508407063448
25,0,0.7819020294827612,0.6234013284319655,0.9008235516517661
44,0,0.4871071195170367,0.8733422319548135,0.14245219121365704
23,0,0.5619147753500059,0.8271951312981433,0.6866950218724801
19,0,0.6772223616358178,0.7357784129073138,0.7842084164250344
30,0,0.8285392319895729,0.5599310145492288,0.5128288805694619
27,1,0.9121305305404991,0.4098998600340184,0.6366977374499823
19,1,0.438310920411615,0.8988234181683981,0.5255979866841963
60,0,0.3987350136588456,0.9170661856608172,0.8118680222710037
40,0,0.5067581483050205,0.8620882664359066,0.6054654130140291
39,0,0.5575020590798774,0.8301755562058527,0.7375615545974403
41,1,0.8703254230749382,0.4924770633739501,0.7272304221746412
22,1,0.626336286116395,0.7795529851741454,0.11595264355648116
61,0,0.4940231445752412,0.8694487521550597,0.6816868275702234
63,0,0.8533892469966925,0.521274201462549,0.5926229476680587
75,1,0.5135381375735278,0.8580667696965735,0.38354129059028097
35,0,0.6819849395324533,0.7313662162356941,0.567771051501747
23,1,0.5793739799930966,0.8150618328120628,0.5936885024085586
24,0,0.471570478013694,0.8818283757432259,0.31721682730305556
55,0,0.7398767995057041,0.6727423886995648,0.35477865587863233
21,1,0.419144270974488,0.9079196440816032,0.43970016120442856
23,0,0.5681715473249055,0.8229101365340098,0.5357610454423775
35,1,0.2765803149056722,0.9609908060989342,0.8725322901375363
21,1,0.7380350644115826,0.6747623609086321,0.07105829529382968
31,0,0.8691271574322134,0.4945887020684971,0.9270097914612021
50,0,0.7589841225075137,0.6511091320059176,0.6466158424931148
22,1,0.9592655326778896,0.28250599607124266,0.8944673366047646
24,1,0.8865886830092276,0.462558652670084,0.483767919687659
28,0,0.5237612887365537,0.8518650787660124,0.9152728203104649
40,0,0.4557429570245934,0.8901114296100683,0.24716952238417078
32,0,0.8437862810727998,0.5366793380346724,0.03488860470637978
52,0,0.5768080177197696,0.8168797406559853,0.6481152486578275
20,0,0.6881590471924223,0.7255598705601196,0.3344113106838529
26,0,0.973476387225671,0.22878750733826256,0.7783242190689634
35,0,0.8742163356032412,0.4855366088818032,0.13610616342900828
23,0,0.8673880971394766,0.4976322828562853,0.6498759634208416
38,0,0.846418305672487,0.5325185929359803,0.3028647697612681
30,1,0.8504425437644009,0.5260679421477183,0.6137214479385006
40,1,0.7804093031456898,0.6252689977630898,0.45788817394886394
28,0,0.7801183796015483,0.6256319315762701,0.8386513915036421
19,0,0.9295924012518352,0.3685891581895041,0.9295366732791843
20,0,0.8129201223798582,0.5823752009056673,0.10079664166160396
25,1,0.859219247505799,0.5116075495099427,0.546081156770425
26,1,0.6622450713269652,0.7492873050460302,0.933736837082491
26,0,0.5150609212135074,0.8571535728436842,0.013081209791925952
39,0,0.5830216902463505,0.8124565888109275,0.028584626368462818
23,1,0.4168503833089902,0.9089751140351136,0.24659535423849777
36,0,0.7236973621616402,0.6901174740580649,0.1086328051199662
18,1,0.6329808091801084,0.7741674852444368,0.5624493812964575
34,0,0.4626729977359639,0.8865290165392313,0.1412795192654318
23,0,0.7642924777313427,0.6448697608690339,0.1684297088560921
50,1,0.618392839260905,0.7858691343670627,0.06426376190751093
28,0,0.469861328167615,0.8827402405535645,0.8031980616036385
18,1,0.7440181792233472,0.6681593739409596,0.17751711631896094
44,1,0.7924732797067455,0.6099066329782241,0.32955282791974194
50,0,0.7833062066540833,0.6216360564005201,0.03310397272891907
26,0,0.7749264956334131,0.6320513637081387,0.1616499115116663
40,1,0.7613679136553776,0.6483200598902192,0.11766369742685634
42,1,0.9787242576264996,0.20517998814079624,0.1742897351030558
20,0,0.7063378641047108,0.7078748630457188,0.4330616811135999
22,0,0.8389018843323406,0.5442826733083171,0.8471941043992596
23,0,0.8557811232695411,0.5173380607064615,0.012370859454054584
19,0,0.7601808965395139,0.6497114779164523,0.25992263301182095
27,0,0.7166267765820974,0.6974568539239919,0.44566844550628437
50,0,0.8985344588983258,0.43890298036387576,0.31795661212507254
37,1,0.5137815875612047,0.8579210221710901,0.8132174721436152
19,1,0.6182420992361493,0.7859877268329826,0.2951731956236041
23,0,0.6600591001899355,0.751213674167645,0.19624481726885823
48,0,0.8638062839254383,0.5038240802610817,0.29863546086964365
19,0,0.4086333354195312,0.9126986343716686,0.024364872234127866
37,1,0.7904786167584437,0.6124896378288024,0.7568332045855007
22,1,0.5252325559950316,0.8509587311514736,0.3345386737436845
59,0,0.8070378628009971,0.5904996934847629,0.43717721829675205
32,1,0.7901698420058019,0.6128879349314409,0.2893630549797299
18,1,0.8967961304003086,0.442444008320864,0.7246008927741672
41,0,0.7713659772200967,0.636391804776967,0.0703419987081857
28,0,0.8189451522357534,0.5738717954644214,0.6028631695182917
47,0,0.8424582643405096,0.5387616104033174,0.7869904294213791
31,1,0.6898187657746225,0.7239820925859813,0.04150337868509968
31,1,0.6763390363075784,0.7365904614957597,0.29806225364857875
65,0,0.8208246853500768,0.5711802131726443,0.5258130277833323
39,0,0.6959793662008928,0.7180617813409954,0.21294089161788687
46,1,0.9628553234236049,0.2700178256242074,0.819158139820461
23,0,0.6374181022713294,0.7705181132827553,0.49899636233857725
18,1,0.7788155440039221,0.6272530178627084,0.9843566930554898
50,0,0.8286089577594458,0.5598278263187755,0.305452090578346
30,0,0.6533599158938143,0.757047435966352,0.3766923386551133
28,1,0.5713634609720387,0.8206971399158484,0.366395888765668
19,0,0.7420334042717548,0.6703629068980999,0.04364337939400009
18,1,0.807376464489183,0.5900366468186081,0.6063443302546645
42,1,0.7160616007479146,0.6980370935232125,0.021328560531201024
21,0,0.584021520245673,0.8117381744687957,0.8502784864224593
67,1,0.7529327199053983,0.6580974998401521,0.30937814487154325
28,1,0.7695418958040946,0.6385963283657681,0.5008518592510576
19,0,0.7328073604326903,0.6804361634243679,0.6490336440117039
18,0,0.8149762199821768,0.5794944010631703,0.3501170993487066
24,0,0.8321000543438638,0.5546255489615846,0.5431000813593672
21,1,0.9534402584868084,0.3015819515432046,0.7153211148537771
20,1,0.5575808588542894,0.8301226330123237,0.6562010588569661
50,0,0.6584470392068497,0.7526270633984228,0.8989736371059824
26,0,0.7571975014419248,0.6531859948055425,0.7934037349984294
21,1,0.9493580111071028,0.3141963824533405,0.6849392990961943
21,0,0.835259955542126,0.5498552597436581,0.20307502293717672
25,1,0.8073722685640667,0.5900423882685993,0.7366058023742676
21,0,0.8580010352282226,0.5136479568218864,0.904268746094943
65,0,0.7952701720557658,0.6062551883805966,0.5438637555856644
40,1,0.7953593134374703,0.6061382371441978,0.6478215868021258
22,0,0.6893321360177955,0.7244454473962435,0.7174222252755525
24,1,0.871307339931508,0.4907377297309425,0.8466668367250916
23,1,0.6087215898442049,0.7933839083681641,0.2843559887175543
24,0,0.8238930370867766,0.5667453250269713,0.505034734300106
28,0,0.7531464041615029,0.6578529424564413,0.8493823547177034
20,1,0.9213683712866392,0.3886905252158919,0.550992894565614
18,1,0.6474374469559584,0.7621185946289137,0.24856541961040368
25,0,0.4190805215628154,0.9079490715049158,0.006498930446795725
28,0,0.4659153761296448,0.8848292842610781,0.09141898477111088
19,0,0.9535710637324356,0.301168103245,0.6232851848630236
31,0,0.5757833041962199,0.817602340143962,0.1622808014135526
25,0,0.5478384650609136,0.8365841357566507,0.9078934244160886
18,0,0.3224500456132698,0.9465864820944784,0.7403044650700707
19,0,0.8720549958533061,0.4894078914436201,0.18719952081637636
21,0,0.8660540036207379,0.4999504603583148,0.9783243265010758
46,0,0.6094842255016696,0.7927981955482933,0.9874927835871692
24,0,0.3728092271294007,0.9279080127723754,0.6915671541246691
30,0,0.46965379058333,0.8828506764967163,0.9741862394106025
33,0,0.7332370153261251,0.6799731460547807,0.7532604983665975
30,0,0.8098030051619751,0.5867018773028037,0.11331155387604341
35,0,0.6858397771215033,0.7277525679225918,0.7867720390150128
20,0,0.7420570832271606,0.6703366954243211,0.46450974596139105
20,0,0.7239044636728889,0.6899002300872694,0.8776897073426568
28,0,0.7801272239409034,0.6256209031564238,0.18836926663985432
25,0,0.763067420184557,0.6463188936220917,0.11930073691680965
49,0,0.9963838123507472,0.08496645505957594,0.662628703455167
31,0,0.9009431408804564,0.4339371577780105,0.37220613486424947
19,0,0.7566063602055175,0.6538706414089553,0.8104362677167534
27,0,0.6747098230356339,0.7380830947117158,0.32971548206226764
19,0,0.6081882986330366,0.7937927899684226,0.044379081175488944
26,0,0.6180233876299379,0.7861597117268321,0.3552869611627586
20,0,0.8757046717827988,0.4828471060468113,0.05127851060054345
82,0,0.7931052647936441,0.609084590969599,0.8300158241575223
22,0,0.7428788010897427,0.6694259383169033,0.7395556070186375
30,0,0.6572829385379325,0.7536439070986645,0.7062843962873044
28,0,0.8939726277307252,0.4481215692959024,0.02899279430223256
68,0,0.6003725441422505,0.7997204563096791,0.794246246954492
29,0,0.7466403909028414,0.6652278757481921,0.8094442327140725
19,0,0.6089709309002537,0.7931925398782307,0.20589119777363163
24,0,0.6538257704873569,0.7566451360093542,0.7027126150353242
20,0,0.6748544541206204,0.7379508559203379,0.6401123770743279
28,0,0.4873466900260349,0.8732085682817524,0.33121197527787327
23,0,0.8952629995537211,0.4455380585652297,0.7897767707858886
21,0,0.7590381094575505,0.6510461952819536,0.668851048105604
18,0,0.7156115768470882,0.6984984402863216,0.25873870548491307
21,0,0.42859416455561455,0.9034971179305856,0.5513599630670473
35,0,0.8828429197690338,0.4696683713150028,0.3011706072149529
20,0,0.7681532661029403,0.6402660070434674,0.2547899660712234
27,0,0.7289836072347471,0.6845311536979279,0.08083461956234028
21,0,0.6039502121083101,0.7970220456764839,0.40233525204506315
24,0,0.7300902016009091,0.6833507865850043,0.6570379368371909
25,0,0.26387968275488194,0.9645556039074072,0.1751549444803857
21,0,0.7182758366608675,0.6957584512380218,0.6301483622293689
25,0,0.3790968389529141,0.9253570049964004,0.4852246588769652
70,0,0.5497909392313837,0.8353022944653469,0.37157177522772933
50,1,0.8703396207045395,0.4924519719037362,0.4913218327548603
21,1,0.4412042130636708,0.8974067318528801,0.7110472986285438
36,0,0.8754656967896305,0.4832802641787132,0.6485852044194587
30,0,0.7485377760604734,0.6630921488077208,0.7901904102015512
45,0,0.3850695701688772,0.9228875479330926,0.9969080652085877
30,1,0.4374405417765996,0.8992473366155693,0.29042498402204675
25,1,0.6885266545881121,0.7252110354384458,0.31388396845207556
25,0,0.5824741955734855,0.8128491935722277,0.5146498914478715
43,0,0.4861190773876546,0.8738925806984378,0.7958195869180555
41,1,0.7663021064025402,0.6424804134936956,0.02592354454920176
34,0,0.5819859916877446,0.8131988105495682,0.6625940443406214
30,1,0.4465233496779596,0.8947719811171864,0.3601294256551887
40,0,0.8085124761613945,0.5884790360678708,0.13479938995120155
18,0,0.6625750192942307,0.7489955566004712,0.38695688613344026
20,1,0.6674323268863578,0.7446704566632558,0.4662810067034052
25,0,0.8365244496140841,0.5479295987605104,0.47086687836157193
72,1,0.7067973958223659,0.7074160312423813,0.974654272143763
19,1,0.7812635969085161,0.6242012433066499,0.5494643413861455
23,0,0.6259366882848297,0.7798738758664889,0.5845565427568256
22,0,0.6220567714692826,0.7829721406724588,0.10823517539077754
42,1,0.8281727906909385,0.5604728617508461,0.32542953688878795
19,1,0.3995749037680186,0.9167005488592108,0.477548016778223
36,0,0.8737177677719631,0.486433204334961,0.7324783360411907
31,0,0.9359665788358416,0.3520888571118525,0.10244482680133737
65,0,0.6147502050070255,0.7887218682424243,0.47039718564726185
19,0,0.929341493178648,0.3692213280086637,0.30363744106258095
22,0,0.7877096970099784,0.6160466161228776,0.9133556824461888
42,0,0.7155910923406442,0.6985194260453489,0.10295407275343904
30,0,0.7592882337184798,0.6507544683954704,0.3659961648200275
21,0,0.7023389298407363,0.7118426986562194,0.632585414741345
36,1,0.7316255278786444,0.6817067455704797,0.7244078702244646
37,1,0.7978150587372256,0.602902257461454,0.5234364071583214
67,0,0.9487144399316028,0.31613432503488925,0.48418723229775196
25,0,0.5659632256306261,0.8244304865989474,0.3415494448027697
55,0,0.6499423102267188,0.7599835480963752,0.8296150120716203
42,1,0.8330564447495284,0.5531879968521333,0.001589485714623251
74,1,0.5856162018862305,0.8105884677740892,0.7162695593103698
35,0,0.5604527931805569,0.8281863719091929,0.5941313912506441
25,0,0.259615235425843,0.9657121359570792,0.217303401218797
27,1,0.3644057093366201,0.9312402906891832,0.0053671236220886875
20,0,0.7657007882415545,0.643196939425447,0.4920532381088887
26,1,0.7865576201705125,0.6175168905800876,0.5806435386412241
28,0,0.34862737114534564,0.93726141288772,0.35723489426678257
50,0,0.3744315437092549,0.9272545600187171,0.06426746056926891
19,1,0.8085463566150065,0.5884324848311816,0.6015206612281722
30,0,0.631095381491604,0.7757052400622074,0.25202978135705034
19,1,0.7571675352114293,0.6532207311635546,0.03611401416427129
18,1,0.6597217052203337,0.7515099943854208,0.0014164681745955088
35,0,0.7554782008055031,0.6551737846615048,0.12195224615039624
24,0,0.7312546804912515,0.682104531768876,0.2263568649064156
32,1,0.7090680653378194,0.7051400419193921,0.4730245452574675
25,1,0.9461002276350892,0.3238739867121665,0.3966873503495535
23,0,0.5729779419458907,0.8195707889154247,0.8270557004185541
62,0,0.8092850243690617,0.5874161636624986,0.07201496857352008
32,0,0.8743301240369343,0.4853316744264266,0.9251009887165221
23,0,0.624550624665888,0.7809843258538862,0.15537381498058433
36,0,0.6725147356781002,0.7400837319491729,0.20645239204293897
21,0,0.5148768620318347,0.8572641465407562,0.426122900704359
21,0,0.6669671948617719,0.7450870828153037,0.6608379864945106
20,0,0.8512109572763956,0.5248236905977113,0.9885610419540091
24,0,0.8751890610779329,0.4837810531320199,0.8251516367270866
50,0,0.7752857992101283,0.6316105837801586,0.019241846363661774
26,0,0.5001893698746687,0.8659160434270645,0.24574889814858725
33,0,0.7099042904275986,0.7042981601796839,0.367417618218697
22,0,0.6261343780590347,0.7797151663348775,0.003381674411314539
25,1,0.576397257422528,0.8171696284345056,0.7160832347439527
24,1,0.7517426623439207,0.6594565714374784,0.8688762225170275
23,0,0.4287913753129325,0.9034035402062822,0.5873232629412284
24,0,0.6275536781955673,0.7785732984011297,0.6529827118889729
28,0,0.7427489069453228,0.669570057000407,0.7868339559949131
55,1,0.8726593740638466,0.4883294142876256,0.3537745476389754
20,1,0.7568742001682096,0.6535605902437301,0.022012389495554174
18,0,0.6982431607777541,0.7158606627180261,0.7697440895980803
25,0,0.6688331158211728,0.7434125793803477,0.446801975188856
54,1,0.6434776038498272,0.7654649393301334,0.9345344014741761
28,0,0.4564319153300511,0.8897583417243926,0.1631644211762575
30,1,0.7301803502687915,0.6832544592473181,0.3906697044392512
19,0,0.4655123771611024,0.8850413700555582,0.6821285512939855
31,0,0.7798093051928994,0.6260171303842792,0.7052398623908465
20,1,0.7031621132656359,0.7110295651151258,0.9951297113023989
25,0,0.7596397603170619,0.6503440893445843,0.9264850916289539
60,1,0.7698811636012816,0.6381872718347935,0.7038966361826698
80,1,0.7564545988908516,0.6540462061787995,0.9261108446595621
30,0,0.3196445341046073,0.9475375305585784,0.28010660717048863
18,0,0.6612219239073754,0.7501903540730372,0.911056425571997
21,1,0.7286298243344792,0.6849077157473888,0.8022528952020094
36,1,0.2586760378437214,0.9659641336227104,0.38150094788072575
19,0,0.7456571814896407,0.6663297739805157,0.4408128960016495
36,1,0.4968010073216525,0.8678644820040692,0.09496371445592156
22,1,0.499415956131231,0.8663623391869757,0.6918588227752371
18,0,0.7299979551561586,0.6834493291150611,0.21058873624128338
29,0,0.4188871526337575,0.9080382994997421,0.11553718149087444
23,0,0.6008950617861027,0.7993279206440094,0.7618536536885164
19,1,0.5653345801851428,0.8248616929200242,0.2860082570119501
42,1,0.6601250050869201,0.7511557612499512,0.9730100879025552
19,0,0.658532932811869,0.7525519094402714,0.8070875376732175
47,0,0.6813772629415711,0.7319323913765897,0.8422857157176987
19,1,0.7926272523911992,0.609706518553622,0.346626179947648
21,0,0.8981229777122187,0.4397443767751186,0.942530569105806
22,1,0.9064832938993884,0.4222416818379193,0.2404921611589983
46,0,0.3787776879666069,0.9254876893285354,0.022970629417112476
24,0,0.40372976109041575,0.9148782869922512,0.6543632077356838
25,1,0.3917280518835201,0.920081047173314,0.852359026743976
70,0,0.8165352955919537,0.5772955144919807,0.23873606530308467
30,1,0.7841213623733547,0.6206075161241235,0.37432196250166694
33,1,0.6185656986919355,0.7857330821607028,0.20169316589530428
30,0,0.4378491779165281,0.8990484399618413,0.8776992772842821
35,0,0.7272188050115224,0.6864057179523007,0.9310737928442319
53,1,0.6298481316712187,0.7767183086745639,0.7563642444092804
20,1,0.6588948494015274,0.7522350546419241,0.2621241949456089
19,0,0.37843919046932656,0.9256261551603436,0.05562746772381311
75,0,0.7529284280129362,0.6581024101839841,0.7894083512064214
27,0,0.6911919922695178,0.7226711768311331,0.8622656346694746
20,0,0.6488046413135103,0.7609550166797293,0.24488931127624192
28,0,0.724981830110574,0.6887679914234711,0.9720906522568131
25,0,0.7018604083441139,0.7123145142414505,0.7244596831180667
49,0,0.3835416493222176,0.9235235802269444,0.4117253878534818
31,0,0.5837884228785649,0.8119058303232942,0.4740808535931236
24,0,0.9013580446910648,0.4330746763211867,0.5217260590050985
23,0,0.75721921651538,0.6531608210386122,0.1800260009217446
36,0,0.4794880717553461,0.8775483969812378,0.09191696730536336
18,0,0.7103785865518097,0.7038197665373237,0.6508475546683196
21,0,0.9173467034974612,0.3980892181186789,0.08548695087042846
55,1,0.5511550489507381,0.8344028475599239,0.590982439360105
37,1,0.9930086046232709,0.11804198890286585,0.6671042739005302
41,1,0.5117487602292525,0.8591351502550824,0.5674697927530695
20,0,0.8022033013364159,0.597050972132996,0.8680994739064279
26,1,0.586316169104879,0.8100823105377495,0.6076019035520397
82,1,0.8406497847481328,0.5415791164759938,0.705689674719307
19,0,0.9334179105819328,0.35879103138854923,0.6221414839397255
22,0,0.6499489355454957,0.7599778820355741,0.8582324610744985
23,0,0.7245672022636768,0.6892041565485427,0.27142660502986937
33,1,0.7665486290419472,0.6421862652797172,0.41059105440999877
33,1,0.9379068054770092,0.3468873365228418,0.9818108704227589
23,0,0.8019090962140001,0.5974460656906576,0.10990407781868805
85,0,0.9046387343134058,0.426179258504962,0.5952487928457542
28,1,0.3745368554949213,0.9272120274651188,0.516822584734638
45,0,0.596340337399251,0.8027317123364116,0.380711324089693
30,1,0.42879829412426507,0.9034002562298288,0.09032673744970954
28,0,0.7017461091918423,0.7124271178402117,0.8491351230364245
23,0,0.5414319027609583,0.8407446072813362,0.9565613843561099
45,1,0.5752642898359118,0.8179676013385763,0.7027110591935903
23,0,0.487051326233444,0.8733733483535224,0.8944396848099447
39,1,0.573403569657042,0.8192730596721474,0.16904365849594027
68,1,0.4877651989055165,0.8729748626029629,0.5970819527878329
48,0,0.2813540445314119,0.9596040337690418,0.6920304872111902
29,0,0.6355853576761601,0.7720306037377455,0.8032979883688927
48,1,0.6854288238460651,0.7281396345763633,0.24854073600798376
20,1,0.6635618502726668,0.7481214278863525,0.7302188059088724
19,0,0.9130935578912408,0.4077501128602113,0.9786729959408168
35,0,0.6027874869331952,0.7979017769103933,0.2073700644872135
24,0,0.5149702433562172,0.8572080543588227,0.09843872849646962
43,0,0.644992012998975,0.7641893110790873,0.08664901496905164
20,0,0.6779163412238185,0.7351390577990747,0.4417595278609653
62,0,0.7214585318368371,0.6924576426322665,0.9615494059656461
28,0,0.5253527616609489,0.8508845255469242,0.8695212261179218
23,0,0.4875238030719012,0.8731096961082897,0.9254949395508064
32,0,0.5202951762434505,0.8539864926202269,0.10667847835557509
22,0,0.7393734546743864,0.6732955476778849,0.4069631588682572
21,0,0.6388601578392593,0.7693228832717747,0.08681357066396977
46,0,0.5287930520793119,0.8487507926786555,0.8546403465480259
18,0,0.7747879618274331,0.6322211750703167,0.2010121599309439
30,0,0.7526090116902735,0.6584676723443527,0.04720005249009662
21,1,0.355765659012489,0.9345751954055967,0.5241006005055527
27,1,0.8327081127862481,0.5537121986194318,0.5377111207660477
21,0,0.7954050823442959,0.6060781756348464,0.4666834948211427
41,0,0.8961432090010777,0.4437649704080424,0.06950231902144555
26,0,0.4714974377892331,0.8818674311698943,0.8441488114646618
43,1,0.6924563117031134,0.7214598092634965,0.06943818661739565
63,1,0.66106251477408,0.7503308280755692,0.8967170256255586
32,0,0.6728345798226378,0.7397929630612164,0.6852031370370181
42,0,0.9184672682522236,0.3954970001773693,0.6942715466581245
19,1,0.7076755741232826,0.7065375303473145,0.2567521243932791
20,0,0.7316647883866965,0.6816646077324615,0.2770540032758636
72,1,0.5626538764771927,0.8266925760433488,0.9140632858801236
19,0,0.7444743917543603,0.6676510166411607,0.720799236152915
22,0,0.955065556938092,0.2963946388694172,0.8278607726209541
80,1,0.7107085286614917,0.7034865935380842,0.01202174326823291
38,0,0.7432711145833387,0.6689903214741162,0.15795205197232998
27,1,0.6101721500563139,0.7922688604859182,0.12643055358715982
60,1,0.6596502102081048,0.7515727510842867,0.2978737160155309
22,0,0.563228917397767,0.8263009056069945,0.6344162344944951
21,0,0.7045419523352571,0.7096623404124137,0.6876370335602556
32,1,0.8805524582738415,0.47394869788606303,0.18010456886522208
24,1,0.6343915377096568,0.773011886637183,0.8215298803255213
70,0,0.6667088441966823,0.7453182656220925,0.5949054414772453
50,1,0.7571549047287026,0.6532353712447523,0.7870032366556915
21,1,0.7546156475416633,0.6561670705584639,0.063422025612203
36,0,0.8136335471494338,0.5813780619812121,0.7575694590849297
30,0,0.5225393911512687,0.8526151445378279,0.9969225521142644
45,0,0.6718830284092948,0.7406572730592434,0.26588040734493246
30,1,0.6372897979743345,0.7706242361863737,0.43176075897145283
25,1,0.6360882010541782,0.771616355762149,0.4246006519390404
25,0,0.7800063671801865,0.6257715774612715,0.4561292696878755
43,0,0.20596877179605305,0.9785585649539968,0.7708678638144202
41,1,0.8105395887667629,0.5856838524680417,0.8353963098407977
34,0,0.6248561505963507,0.7807398997501733,0.4279494029735321
30,1,0.7652794063044481,0.6436982447438484,0.6307020214935461
40,0,0.7256131507635004,0.6881028669022283,0.7437931469060018
18,0,0.9636173809755844,0.2672855085517269,0.010302127730543065
20,1,0.34399364187247233,0.9389719774047112,0.2464980673135595
25,0,0.8534924852128665,0.5211051503153322,0.4211378866051845
72,1,0.6421008036884425,0.7666202175149416,0.5464898298701631
19,1,0.7695243412709055,0.6386174819025697,0.8999536686419255
23,0,0.9146374862245576,0.4042749915500862,0.9016435768202395
22,0,0.8163216197583055,0.5775976221515948,0.3478576316422721
42,1,0.7502007850835218,0.6612100892001479,0.8756017510631376
19,1,0.7157819146368094,0.6983238866592373,0.955448857987624
36,0,0.6911541117001855,0.7227074054414605,0.3909991571006425
31,0,0.892577998630676,0.4508930209711135,0.7647499881182901
65,0,0.8028500004312542,0.5961810771967987,0.17872458031593197
19,0,0.5539992643105003,0.8325171560655218,0.8316953678768476
22,0,0.9778901708746284,0.209119137590968,0.004129662907986109
42,0,0.700877559924863,0.7132816035716679,0.5585042493495089
30,0,0.5675129764130344,0.8233644524770417,0.3626141723235924
28,0,0.499645132207877,0.8662301898808267,0.47392161539278876
32,1,0.7629201912370285,0.6464926773002584,0.6365904155470583
19,1,0.7488907066521266,0.662693526066219,0.010107141623845517
52,0,0.8243125250298674,0.5661350201841291,0.9357203041959249
45,0,0.5861032761883429,0.8102363541839449,0.6325178673900206
19,0,0.8349175265409071,0.5503750756300776,0.559555905201341
18,1,0.8555710311081948,0.5176854360791507,0.9550540587878193
27,1,0.7137403460959277,0.7004103928090054,0.9066357708749905
28,0,0.7482131452278965,0.6634584307311036,0.9604543863970028
55,0,0.8708175096255802,0.4916064126204036,0.9405065042586408
70,1,0.5794685604988159,0.8149945934749692,0.5491280156298488
35,0,0.9443774819427176,0.32886345433862363,0.9180402304586991
24,1,0.8709738812371666,0.4913293174670793,0.8272873586614314
41,0,0.5677045037298123,0.8232324073096781,0.08359164822472154
43,0,0.6447877335707626,0.7643616805130142,0.6205530300959885
20,1,0.4904056177070393,0.8714943087142779,0.1519455046115905
18,0,0.7085554938097173,0.7056550943570575,0.5295809295381844
23,1,0.8440579509656716,0.5362519700771569,0.13672717358816722
19,1,0.6231467749263114,0.7821049142531563,0.7929870608456502
67,0,0.5744852010273144,0.8185149685867731,0.7732302488749438
27,0,0.6516464134130047,0.7585228749918933,0.04322240335385774
75,1,0.6811054727853538,0.7321853146177132,0.3645525884145653
23,1,0.8076369553517184,0.5896800389619835,0.91285877334209
18,0,0.8666772824210405,0.4988692094480075,0.7815236965413185
21,0,0.9162620415561036,0.4005794193458289,0.8353013149555629
52,0,0.8053872133250498,0.5927490502839382,0.4998899168311639
22,1,0.6942164760950351,0.7197662706171994,0.6314254499631716
61,1,0.7269062022858511,0.6867367567549892,0.5043296588353435
42,0,0.8600503274108126,0.5102092064247313,0.8008524237221376
33,0,0.722203522849028,0.6916806138561739,0.46682446110836506
38,0,0.8128244457038689,0.5825087299484861,0.5274479767762571
32,1,0.8560020236861821,0.5169724706840403,0.43777892854299716
18,1,0.8136933849462423,0.5812943103925294,0.19557972542607505
32,0,0.5141246208124868,0.8577154972800809,0.33970068762323724
22,0,0.8556959899316602,0.5174788621913712,0.7990509714113088
25,1,0.8002293724325839,0.5996940482413954,0.8344232958631814
19,0,0.6249193838240669,0.7806892875664099,0.8998681771792646
19,1,0.774720509399766,0.6323038291164834,0.28776359783118055
25,0,0.3290389077656101,0.9443163649839044,0.11469337110410749
19,0,0.28365820238284906,0.9589254529007616,0.6760339039936081
25,1,0.6981184239791209,0.7159823085111171,0.14532593523078685
37,0,0.5763321602985807,0.8172155413387407,0.31397904207997085
45,1,0.624315793280827,0.7811720618788999,0.994030127224368
19,1,0.7636039888482131,0.6456848675748086,0.7481041029096389
35,0,0.5936308041481664,0.8047375151975962,0.7142843855693849
19,0,0.4092594062166161,0.9124180721704404,0.0937943858985466
75,1,0.8145899918262064,0.580037192959711,0.617395141508247
21,1,0.7044190037765616,0.7097843807230731,0.936855930577121
22,0,0.755779084886675,0.6548266754247724,0.7877185521954577
29,0,0.6005877864805884,0.7995588225580074,0.9295356760450622
46,0,0.5211192429531187,0.8534838807054111,0.25975042272885496
60,0,0.5582644556447443,0.8296630626728403,0.05823935307348227
19,0,0.7609875343035659,0.6487665008572644,0.020983185043865094
42,0,0.8645405469763567,0.5025630732891364,0.21940487348347226
23,0,0.6462660941846341,0.7631121382256593,0.2969839600366818
42,0,0.6661386126794161,0.7458279618635539,0.6508318883545626
43,0,0.7830486099389433,0.6219605087726138,0.2824428114383285
46,1,0.7510852315156404,0.6602052521747285,0.4847827086770483
34,1,0.8238251735239334,0.5668439674798181,0.9462199435668343
44,0,0.8544726161601127,0.5194964371701626,0.619284067098608
19,0,0.8233802234141732,0.5674900947949896,0.07819951888724497
21,0,0.5498432220248114,0.8352678799004388,0.6773332256919649
19,1,0.5889693222944375,0.8081553918622525,0.30773117298326846
18,1,0.458093458178659,0.8889040350757315,0.9431167904913365
19,0,0.5528968685816879,0.8332496940968919,0.017279411378019804
38,0,0.6943827897775702,0.719605823531688,0.48223599624174507
80,1,0.2586246712935801,0.9659778876342292,0.26569554681844676
63,0,0.8613595980105424,0.5079957115125253,0.2890964155524157
22,1,-0.026240342916040892,0.9996556629178112,0.5294152073656345
68,0,0.35901455130424803,0.9333319623541292,0.29631297768062337
41,0,0.7585795399711239,0.6515804490139325,0.17310876794104268
19,1,0.5669073119263749,0.8237815849388792,0.742859112780122
25,0,0.4657563690737442,0.8849129927101547,0.5218964039482921
24,1,0.8128358160935286,0.582492863540462,0.5584134173815117
42,1,0.7138465022244591,0.7003021999550659,0.7109513208674665
60,0,0.8022152878083829,0.5970348666589861,0.25018445113668475
18,0,0.6575562647976974,0.7534054410643054,0.07233706720965705
28,1,0.8217464516443116,0.5698532874433411,0.2964457559091017
21,1,0.845248996331096,0.5343726548030643,0.6416922453902095
35,0,0.5876807534740252,0.8090929069001916,0.07100887343935003
36,0,0.8586452683094926,0.5125702909940446,0.12040024706890862
32,0,0.8398430393076323,0.5428293187794104,0.956210012973974
32,0,0.5837578166297572,0.8119278364015232,0.7075972130001685
32,0,0.7180713321557468,0.6959695122173608,0.15894537694459332
26,0,0.5021512732045992,0.8647797978786276,0.5175158032156884
53,0,0.8226953904096195,0.5684824488045026,0.7929793692355136
23,0,0.6338969612621695,0.7734175085311862,0.9595067046324413
24,0,0.4324570495492422,0.901654534894138,0.18594284346407353
24,0,0.737066675247566,0.6758200324343007,0.5923853276014703
24,0,0.17990672971051705,0.9836836730396956,0.09136051140705692
18,0,0.7974059503215711,0.6034432453775185,0.25032009711103054
30,0,0.6965321065351108,0.7175256264174549,0.5025229747963683
45,0,0.7472606857790358,0.6645310131882821,0.7604085352725994
27,1,0.8333968024501698,0.552675103171685,0.9032610455374936
24,1,0.6976878715860159,0.7164018661629624,0.15771918835781418
19,0,0.5110771131685781,0.8595348651423469,0.6457650296340702
18,0,0.8063405720331969,0.591451504261488,0.8452609924263327
41,0,0.7239672790222202,0.6898343126470028,0.4809097895514627
23,1,0.660688743820008,0.7506599654900612,0.9190570365266104
19,1,0.8870208188373149,0.4617294304559538,0.4390838572864061
27,0,0.6544833318248511,0.7560764302393258,0.043983876135074595
37,0,0.6842032608397126,0.7292913669146949,0.48523581234915525
36,1,0.8147007292360928,0.5798816446329187,0.12684814101623587
22,1,0.5021603089017468,0.8647745510615482,0.6359854216805357
31,0,0.6622422573520604,0.7492897921213443,0.9358311396973258
42,0,0.5677458158256468,0.8232039167864004,0.6533575486292512
43,0,0.5636981556414535,0.8259808649880599,0.2925754633024288
49,0,0.8368039534617547,0.5475026424326894,0.8181001056666684
31,1,0.6713974602789641,0.74109746344928,0.5854535499161251
19,1,0.5806325583367448,0.8141657277233713,0.5655977787581019
19,0,0.6664476986298156,0.7455517855863686,0.7240638472373456
22,0,0.8319826103489084,0.5548017087906421,0.7810179820901391
25,0,0.7627675116169332,0.6466728100219705,0.7642057322954439
32,1,0.5777067732726411,0.8162443776926817,0.6842747207702794
20,1,0.9218714946983216,0.3874957383800272,0.7107517979582298
19,0,0.9778615479005376,0.2092529405708903,0.9038669793968723
46,0,0.8512384808888251,0.5247790474610103,0.4359879170655989
29,1,0.7232771416704309,0.6905578732713511,0.7079575387623168
34,0,0.38895056145746615,0.9212586285847866,0.36874100082541306
27,1,0.7548161064062042,0.6559364645373649,0.707726829476691
28,0,0.6749540674566239,0.7378597473936079,0.9531000387319236
19,0,0.4884560184958103,0.8725885158510973,0.8340031313289911
19,1,0.5615561101803921,0.8274386594298501,0.21975634872731886
55,0,0.7593415697733991,0.650692231714864,0.9077067049990928
80,1,0.8912023554223891,0.4536059542042914,0.5072758581544647
23,1,0.7982282977134607,0.6023550321276238,0.1380517637132379
19,0,0.7040758153957993,0.7101248102796721,0.26373387408140125
26,0,0.7012753071501402,0.7128905551215253,0.9689062721007153
37,1,0.6459129880976751,0.7634110372576053,0.34151422501572437
80,1,0.7524713836896962,0.6586249439006345,0.9522083554719605
42,0,0.6375159118847964,0.770437188934761,0.6705747325544064
65,0,0.8219732955344181,0.5695260322656798,0.32204557806671896
18,0,0.5318545596319043,0.8468357145271762,0.021482486347709884
35,0,0.8252125118440891,0.5648223705696944,0.15833531869759887
65,0,0.5100101830852531,0.8601683632576512,0.29457563392443953
65,0,0.8307518236408391,0.5566429803001384,0.04155581017350507
38,0,0.41270223306328974,0.9108659982810722,0.8029752702906665
20,0,0.4178617973584661,0.9085106044006048,0.14506221156893861
28,0,0.7480040551653119,0.6636941565632841,0.06376090313030502
18,0,0.701143514993106,0.7130201760000289,0.7314516284017578
20,1,0.6893081143760714,0.7244683039687139,0.5253613742730852
38,1,0.770511946370919,0.6374255568297352,0.14809298395287607
24,0,0.8785851221408706,0.4775857861711459,0.030198413937052804
27,0,0.8324370926543639,0.5541195599986973,0.7274157388612341
23,0,0.8476912656752836,0.5304898850099177,0.06398955389769245
32,1,0.7603164489614439,0.6495528442233627,0.6604803107637716
40,1,0.7589966460723998,0.6510945332675189,0.006307937569921096
31,0,0.2890585345298594,0.9573114245716752,0.9161060950451824
70,0,0.8163883465109855,0.5775033053421073,0.037138185967147797
22,1,0.5210934809670129,0.8534996098966192,0.5897112115880117
60,0,0.5966814816809941,0.8024781675653073,0.5692848824703143
24,1,0.6098478873771445,0.7925184882774873,0.06127398352593438
25,0,0.7507548514728185,0.6605809208492373,0.457204315503995
19,0,0.7755037224979852,0.6313429942525441,0.6049927614180621
72,1,0.6517999629347568,0.7583909336999287,0.5029460286951942
40,0,0.9054275192029998,0.42450089218975895,0.48403981921642836
18,1,0.8875190611988354,0.4607710017012116,0.6225438428582721
66,1,0.5826971204279745,0.8126894030593401,0.4859906279600036
21,0,0.880234616774709,0.4745387438676437,0.06946044742029533
21,0,0.6758713171638271,0.7370196487443421,0.09078321851977544
28,1,0.6382184992413412,0.7698552768060567,0.4026249470501494
22,1,0.758015149449118,0.6522369456000108,0.9113451141454035
42,0,0.7243913872470849,0.6893889454308388,0.1749606179081511
39,0,0.5522350741262233,0.8336884447470797,0.16224337872934214
25,0,0.490905133269669,0.8712130337233761,0.4104239515065402
21,0,0.7788781629772121,0.6271752603836055,0.9808608104366775
73,0,0.6416732207786179,0.7669781468435688,0.9993782500644399
69,0,0.6726341837714775,0.7399751717605654,0.31519817228432134
21,0,0.5205713836709691,0.8538181507223259,0.9371353639662056
23,0,0.5956627231731509,0.8032346607448823,0.4088284032733862
23,0,0.8311355721734787,0.5560698343444501,0.3502629846177099
22,0,0.7751666544245334,0.6317568027874936,0.14610680636406703
21,0,0.8661140121726228,0.4998464943542584,0.04197254525827743
28,0,0.5136568588076569,0.8579957059332237,0.3151626241544395
32,0,0.663179532564131,0.7484603580604793,0.8484527592346351
85,1,0.8254017583383638,0.5645457796600176,0.7751219697586921
47,1,0.5108915081232541,0.8596451982809808,0.24526199506595492
22,1,0.8135281177593129,0.5815255812214881,0.4087487549161265
19,0,0.547968482003164,0.8364989795159037,0.7832942055973556
18,1,0.7269046809516845,0.6867383670733199,0.012061117005739419
30,1,0.6787038799992754,0.7344120391673391,0.7560376015439157
21,0,0.9040744626431192,0.4273749711863752,0.6672118514615605
19,0,0.6567394948202511,0.7541175213076815,0.2502546909858544
51,0,0.7002245681341877,0.7139226528002109,0.7000032709297423
21,1,0.7312300728348424,0.6821309116159089,0.7382139064218357
20,1,0.8433284420337189,0.5373984916772473,0.9726062170700758
22,0,0.9296945670780836,0.36833138875948973,0.4537391238160565
45,0,0.9911283534048592,0.1329081904059055,0.3194337487122544
19,1,0.5299147834880459,0.8480508960202904,0.7737664472330239
29,0,0.8552809149426526,0.5181646037070258,0.13530666652169077
20,1,0.8447560394321313,0.5351515989352358,0.6689482999199022
35,0,0.7768125700097201,0.6297318723670366,0.2557245685325663
19,0,0.4482544202521633,0.8939060211926066,0.3239266320897842
27,1,0.7835133176777079,0.6213749922725175,0.5013212200067917
37,0,0.8852457436998451,0.4651236107330052,0.3674027363370942
19,1,0.5256635588602115,0.8506925548554054,0.05377316455018155
19,1,0.8296571616009492,0.5582732254051384,0.9140045990361647
19,0,0.7591862862386837,0.6508733999689306,0.22525999946621178
18,0,0.6740352583641883,0.7386991745507246,0.9843774011564872
20,1,0.8394915590426569,0.5433727287011461,0.24723567793153844
31,1,0.8836682940934241,0.4681136037480836,0.36306613234515506
24,0,0.868764057941052,0.4952262226798944,0.5035370355317554
32,0,0.6636007674567805,0.7480869076723452,0.4437696337500986
53,0,0.4572515822110205,0.8893373884896094,0.856349773340554
25,0,0.8039041556190973,0.5947588659098292,0.5308370745536959
22,1,0.42794006046246813,0.9038071169510556,0.9066671056765975
19,1,0.9096012560881253,0.41548231601706587,0.04629511064395919
19,0,0.8723600548143375,0.4888639225432022,0.2450179035937654
23,0,0.7408100864562391,0.6717145344599144,0.6589819910353917
42,0,0.6306242516736239,0.7760883024508757,0.1790056457364484
67,1,0.6321540749301748,0.7748427101994152,0.8231787763562215
19,1,0.7959954857208946,0.6053025579922466,0.24188891800048662
28,0,0.6465044177600615,0.7629102423068679,0.3971085795137771
20,0,0.7879138445222247,0.6157854931794087,0.25112459148056065
29,1,0.5550170090941985,0.8318389986145939,0.6236723629161688
67,0,0.7265672145085643,0.6870953957066412,0.5271819265202707
55,1,0.7731588378614537,0.6342124339972579,0.2586053878156328
27,0,0.5752473932103538,0.8179794842199238,0.7295212512928879
19,0,0.7233046748273972,0.6905290344169702,0.16886523497310657
62,1,0.8315991343021707,0.5553763407167074,0.39825181412279753
29,0,0.6900771206360573,0.7237358410184259,0.990409794595431
27,1,0.9750240724507572,0.22209920788138945,0.8782372692216985
32,1,0.3821926643761442,0.9240826625887232,0.41634509999146574
21,0,0.6777947479372692,0.7352511677438218,0.1823408416265544
47,0,0.5225018665086398,0.8526381410041352,0.99295992986848
43,1,0.6888646850264231,0.724889954216119,0.3065751968915469
28,1,0.8580807940419817,0.513514703680705,0.7647874000118058
25,0,0.6793680186948979,0.733797720884011,0.7301936224602601
22,1,0.6848781549172124,0.7286576102101693,0.2266426765074645
19,1,0.8113573150439135,0.5845505173419417,0.826964567106604
19,0,0.8406470469795388,0.5415833660708027,0.5864084538729514
23,0,0.6054245681966313,0.7959026901725629,0.8670938291397456
67,0,0.7602900069666938,0.6495837939069791,0.637185460613743
29,1,0.9400111387880468,0.34114375115836365,0.3556766021081996
29,1,0.4494889578380475,0.8932858874860086,0.07178592343631096
27,0,0.7200107494395305,0.6939629101699353,0.83533697175185
32,0,0.5177165119413296,0.8555522270810257,0.2145427783482875
21,1,0.802137581585035,0.5971392636637716,0.45949267341027533
47,0,0.5907838795965761,0.8068298504696132,0.9528797544386794
23,1,0.8804229640538953,0.4741892073492958,0.1365654654788857
19,0,0.7203819618350118,0.6935775580731687,0.41769394549462335
18,0,0.6971501735814529,0.7169251254317635,0.8373254429867677
34,1,0.5004548809565496,0.8657626188088544,0.6950234019491682
25,0,0.9383769064485346,0.3456136302926696,0.5648253136787629
34,1,0.6678834299917272,0.7442658959958367,0.3266987358495578
36,1,0.5517665004669408,0.8339986384655945,0.8210458789796953
22,0,0.8896121168219905,0.4567168505797626,0.8676944291171279
51,0,0.7437975536129018,0.6684049664982019,0.21772953789383132
32,0,0.4477074912478801,0.8941800726254916,0.6902629202521625
21,1,0.6170765696078544,0.7869031117240564,0.9592901456598085
25,1,0.6899262881468956,0.7238796287531836,0.7918526295285709
21,0,0.7856330265173562,0.6186927732285056,0.07807991982631224
60,0,0.7123012555244592,0.7018738642934919,0.382581856641251
19,0,0.8355418266306908,0.5494268431289545,0.18261121081277487
30,1,0.3895919410788887,0.9209875783344658,0.9450764710416018
33,1,0.5771989789029637,0.8166035382934463,0.4526201755304644
22,0,0.7068911060088228,0.7073223906010776,0.36727731960666854
18,0,0.8028957303201928,0.5961194898957793,0.4521350248767566
24,1,0.9348124630431452,0.35514174485578065,0.1433754287972322
23,0,0.8557757975533401,0.5173468704089594,0.5074499453872631
22,1,0.5667514473964117,0.8238888255548029,0.9292321355602595
19,0,0.6925518483184243,0.7213681011735508,0.6000057466609785
18,0,0.7203571114958396,0.6936033678676673,0.47423082986571385
21,1,0.5441868803312587,0.838964027402446,0.44367276050953386
21,0,0.7593988734824639,0.6506253537586469,0.042215943182969506
28,1,0.5646282929215176,0.8253453161147356,0.1615549695496934
22,1,0.4823688201050241,0.8759682193952512,0.7955721238685934
39,0,0.6123856012587494,0.7905592168654794,0.3827310315276321
21,0,0.5052428268794439,0.8629772221135783,0.09546247556838383
23,1,0.6873378231473513,0.7263378806527031,0.10677033495277688
23,1,0.5476822456645245,0.8366864154412114,0.8006362576931798
21,0,0.7573651348043721,0.6529916175440198,0.28834582761410577
28,0,0.7097242252822542,0.7044796122298389,0.8828836412215446
22,0,0.3350478130389348,0.9422011266061122,0.6018529218013974
35,0,0.8008015817085322,0.5989297343871925,0.4631749101002345
31,0,0.7294079773827558,0.6840789446623813,0.012878372084870082
62,0,0.7153552415961363,0.6987609593565839,0.6689263315073168
18,0,0.8860132599895891,0.4636599002745666,0.6697207339405822
29,0,0.9364666464587398,0.3507566393816681,0.10716176902216923
26,0,0.7756840932006728,0.6311213730776751,0.09633481222399443
20,0,0.5493681661038887,0.8355804079031832,0.48236546158373095
22,0,0.9708718692787064,0.2395992768003911,0.6486248118871506
25,0,0.7810923006782631,0.6244155810204755,0.11691116501094945
32,0,0.6745382397883419,0.7382399088800641,0.5973814284503064
19,1,0.827761289946624,0.5610804281615079,0.8925517322425498
21,0,0.7922361410147993,0.6102146318058744,0.8983234294988974
68,1,0.454637303831539,0.890676665218523,0.42515350514700045
18,1,0.6145052351745931,0.7889127429209253,0.08407393109577244
22,0,0.7285353854052075,0.6850081694494495,0.9497045001455031
31,0,0.7268463693853772,0.68680008394823,0.5171627849576997
42,0,0.8949911795785102,0.4460838357043068,0.08882777152786037
20,1,0.9864753400323196,0.16390974195611208,0.3208531148350009
