id,gender,military_time,age,latitude,longitude,dangerous_locations_proximity,danger_intensity
1,Female,15:19,51,-7.4892361,-38.9842531,0.445,0.144
2,Male,22:18,91,-8.4382384,114.0974489,0.058,0.286
3,Male,1:02,63,30.198506,119.497769,0.025,0.697
4,Female,20:58,51,52.6200204,81.239598,0.036,0.882
5,Male,1:06,68,36.86278,66.16656,0.915,0.482
6,Male,13:23,96,50.6417502,21.9038087,0.4,0.979
7,Male,6:25,67,6.68444,125.3525,0.826,0.661
8,Male,12:09,31,31.719806,112.257788,0.866,0.363
9,Female,22:23,32,43.1195464,131.8841502,0.791,0.959
10,Female,15:07,62,49.4382375,1.0598119,0.72,0.777
11,Female,15:28,66,43.6522553,45.3106104,0.158,0.097
12,Male,22:42,73,55.5146696,35.8272389,0.217,0.56
13,Female,11:25,40,39.4598833,48.5509813,0.553,0.398
14,Female,19:46,56,56.6495031,12.7902265,0.49,0.887
15,Female,23:00,72,4.8271607,-75.6499025,0.111,0.289
16,Male,8:52,87,27.9771813,83.7677148,0.061,0.942
17,Male,0:52,49,-7.1278,108.2102,0.429,0.766
18,Male,20:29,15,37.347409,115.965874,0.503,0.167
19,Male,2:17,85,30.909922,115.943284,0.915,0.135
20,Male,7:37,62,45.8235836,20.1844504,0.101,0.07
21,Female,11:05,87,-14.1102622,-73.8720449,0.211,0.315
22,Male,15:38,60,27.417467,107.257538,0.924,0.504
23,Male,16:20,47,41.2357155,-8.4171648,0.864,0.853
24,Male,5:18,20,37.775349,117.385256,0.365,0.927
25,Male,23:54,14,37.350801,96.74785,0.373,0.758
26,Female,22:17,53,60.5061173,24.2916372,0.076,0.255
27,Female,3:00,40,52.7456843,23.586422,0.307,0.117
28,Female,13:54,95,-34.6337798,-58.5541599,0.154,0.694
29,Female,8:00,62,10.0037408,122.7778598,0.149,0.063
30,Male,3:59,53,8.165019,126.008096,0.136,0.423
31,Male,4:32,95,2.028983,101.585899,0.313,0.742
32,Male,4:57,41,35.3740182,36.6012942,0.675,0.094
33,Male,17:04,10,-5.6455578,-37.8512309,0.189,0.572
34,Female,1:56,78,32.493989,80.101607,0.226,0.324
35,Female,19:12,37,38.465785,106.278153,0.489,0.084
36,Male,21:18,19,-10.10712,-76.601273,0.989,0.356
37,Female,13:05,16,6.8322014,3.6319131,0.32,0.421
38,Female,11:45,90,32.9566376,11.8492577,0.832,0.487
39,Male,2:29,66,40.2466889,-7.5293225,0.867,0.071
40,Female,19:33,80,43.6505222,-79.3990401,0.181,0.204
41,Female,2:34,68,38.6395893,-8.9690651,0.043,0.466
42,Male,9:14,18,20.6589523,-105.2363025,0.582,0.486
43,Female,11:43,29,14.2038203,121.1457666,0.362,0.933
44,Female,13:33,19,30.741203,121.300071,0.996,0.62
45,Female,0:34,75,-12.1613589,-76.2294444,0.38,0.277
46,Female,11:16,16,-23.8431563,-47.7243139,0.392,0.986
47,Male,1:07,33,13.9755122,-89.217002,0.37,0.884
48,Male,11:40,95,14.731859,121.698077,0.384,0.618
49,Female,15:41,11,-4.8824092,29.6615055,0.188,0.36
50,Female,23:50,20,54.8953858,27.7599272,0.911,0.385
51,Female,19:12,21,32.7128968,36.5662858,0.232,0.449
52,Female,2:08,48,46.2201972,-64.5346866,0.929,0.145
53,Male,9:50,27,45.0486976,16.3746171,0.786,0.123
54,Female,3:31,98,44.5738307,33.6766146,0.4,0.913
55,Male,14:58,27,38.0878845,23.9761139,0.825,0.475
56,Male,17:52,59,56.9940675,13.209918,0.292,0.328
57,Male,2:05,51,53.2911347,-6.3506335,0.387,0.751
58,Female,20:59,14,31.223878,121.524135,0.003,0.213
59,Female,19:42,34,-9.781098,34.522671,0.124,0.232
60,Male,15:13,58,29.7444645,105.7948814,0.266,0.485
61,Female,3:36,13,26.893368,112.572018,0.956,0.739
62,Female,22:00,64,49.297491,125.217735,0.827,0.353
63,Female,18:14,97,32.8924632,130.6828947,0.396,0.973
64,Female,6:31,73,53.1986,23.20779,0.115,0.361
65,Male,9:58,33,-35.6767854,174.3471899,0.903,0.581
66,Female,4:34,62,-3.680412,-79.6825275,0.57,0.973
67,Female,13:10,45,31.8577642,35.936274,0.135,0.796
68,Male,15:42,82,42.3242187,59.1818543,0.232,0.986
69,Male,14:37,85,41.805699,123.431472,0.679,0.954
70,Male,18:26,47,38.9039998,100.103698,0.236,0.71
71,Female,8:47,15,35.6603089,137.0242535,0.202,0.253
72,Male,0:05,45,25.9369686,-81.5596427,0.7,0.592
73,Male,21:48,23,25.9567729,88.3831008,0.955,0.619
74,Female,2:04,79,48.3000957,39.7430006,0.279,0.741
75,Male,17:23,84,-6.6572023,106.7057733,0.53,0.74
76,Male,0:19,61,21.664044,110.639569,0.326,0.635
77,Female,11:40,90,17.5777771,120.359795,0.65,0.786
78,Female,13:56,25,26.982106,117.980053,0.78,0.67
79,Male,14:21,91,25.6775595,-100.2596935,0.012,0.392
80,Male,5:17,41,47.6479788,36.164764,0.754,0.712
81,Female,4:45,20,22.2016816,-97.8367954,0.046,0.822
82,Male,21:07,15,-7.7257788,108.1636206,0.618,0.172
83,Female,19:38,99,-12.7772947,-38.9211273,0.226,0.255
84,Male,14:44,26,5.83864,118.116958,0.531,0.439
85,Female,0:39,37,50.9532135,28.6457544,0.645,0.522
86,Male,4:57,81,34.238555,117.196805,0.407,0.177
87,Male,11:05,83,-2.5082067,112.1787896,0.191,0.101
88,Male,11:41,19,53.7683238,18.1130662,0.959,0.84
89,Female,21:19,78,39.224791,117.135488,0.706,0.468
90,Male,1:51,61,43.1905743,3.0057099,0.73,0.714
91,Male,4:29,57,48.586322,7.7170649,0.036,0.423
92,Male,18:56,64,5.3191534,-4.2564094,0.853,0.196
93,Male,22:21,44,4.6096768,101.1064003,0.196,0.24
94,Female,23:00,82,34.26645,108.960747,0.961,1.0
95,Male,8:12,85,50.2072224,23.5464675,0.672,0.536
96,Male,13:01,10,38.1628578,68.6707836,0.864,0.909
97,Female,0:48,73,4.398278,-74.828718,0.965,0.558
98,Female,12:38,99,28.021131,120.599782,0.377,0.358
99,Female,16:29,47,47.173426,125.9063009,0.188,0.828
100,Female,21:10,96,40.5529581,44.9105417,0.435,0.529
101,Female,18:36,85,28.0178637,-80.7023819,0.663,0.238
102,Male,21:34,99,29.097342,91.847388,0.396,0.589
103,Male,7:51,90,27.646096,113.496999,0.069,0.332
104,Female,20:12,17,60.601518,16.7485695,0.316,0.99
105,Female,18:09,99,21.0078386,105.9376756,0.608,0.965
106,Female,12:20,100,45.300292,4.2531745,0.019,0.794
107,Male,22:41,51,-0.8614531,134.0620421,0.695,0.651
108,Female,7:26,22,21.481291,109.120161,0.27,0.533
109,Male,15:07,95,47.7129895,35.533341,0.119,0.601
110,Male,12:31,33,59.3796798,28.1791333,0.853,0.086
111,Female,21:51,36,8.070619,22.3948737,0.939,0.802
112,Male,10:08,99,50.8294542,19.2859852,0.868,0.149
113,Female,21:30,49,34.756916,114.441285,0.433,0.901
114,Male,17:53,34,-20.1494006,57.6864138,0.416,0.641
115,Female,7:24,14,31.759482,119.443725,0.463,0.962
116,Female,23:38,59,-7.1332,113.53472,0.17,0.991
117,Female,6:42,66,29.476705,121.869339,0.576,0.346
118,Female,22:16,69,48.1665542,27.6546469,0.867,0.472
119,Female,9:59,89,30.128901,104.627636,0.315,0.721
120,Male,8:24,76,38.371402,117.329949,0.315,0.885
121,Male,22:20,62,-45.8802629,-67.5305258,0.979,0.014
122,Male,21:46,17,52.2467738,17.0901297,0.03,0.39
123,Male,9:15,92,32.8501501,-6.5775187,0.411,0.26
124,Male,1:37,55,-14.3651534,-72.8778527,0.991,0.09
125,Female,14:53,75,43.7212584,21.4436651,0.963,0.49
126,Male,21:03,79,41.6550179,-8.7184577,0.112,0.352
127,Female,0:33,34,22.656408,114.019351,0.065,0.217
128,Female,8:22,31,32.8335722,35.9642215,0.301,0.251
129,Female,18:01,61,36.87117,121.509453,0.223,0.801
130,Female,6:05,30,22.993423,113.718807,0.274,0.449
131,Female,18:19,47,53.2692817,50.991078,0.451,0.728
132,Female,10:28,27,39.3041754,-9.1967347,0.951,0.938
133,Female,5:48,87,2.9374756,101.7048008,0.597,0.461
134,Female,7:44,48,20.01693,-75.8301537,0.929,0.801
135,Male,6:36,85,44.2643449,43.6369585,0.593,0.743
136,Male,16:11,21,64.2456893,23.8402057,0.653,0.439
137,Female,10:23,24,42.3414123,42.994164,0.213,0.873
138,Female,13:25,20,30.921396,112.444197,0.682,0.436
139,Female,3:25,26,54.6053915,40.0487656,0.09,0.598
140,Male,22:58,81,53.7636896,18.1983893,0.487,0.026
141,Female,15:18,47,29.9120904,120.6367578,0.363,0.234
142,Female,10:27,38,52.4198041,20.9258628,0.441,0.348
143,Male,10:07,67,27.756647,118.035309,0.006,0.918
144,Female,16:02,89,50.9524702,20.4081061,0.03,0.32
145,Female,19:41,85,49.68351,-83.66654,0.727,0.248
146,Female,20:35,19,45.6326302,4.909835,0.466,0.248
147,Male,22:08,90,-12.0442537,-75.2535192,0.252,0.183
148,Male,18:33,94,58.3495477,33.3074607,0.845,0.464
149,Female,22:29,62,45.4863306,-122.8020059,0.052,0.454
150,Male,4:14,61,54.71681,-115.40226,0.913,0.591
151,Female,3:54,35,-15.5544752,-49.9417277,0.895,0.361
152,Female,15:34,71,-14.16568,-72.658867,0.286,0.605
153,Female,23:23,30,59.9344779,30.3842343,0.2,0.116
154,Male,10:10,67,55.6776356,99.1467618,0.034,0.606
155,Female,9:56,57,45.8903748,-77.2672051,0.791,0.758
156,Male,7:42,24,-11.6723638,-61.1984811,0.591,0.745
157,Female,8:20,36,-6.7757862,111.7465609,0.147,0.951
158,Female,22:24,88,40.8276499,140.4491245,0.61,0.125
159,Female,19:18,70,53.2771781,-109.9850454,0.95,0.294
160,Male,14:01,10,49.6087627,18.4861804,0.31,0.959
161,Female,13:40,42,51.2262018,6.7866433,0.655,0.957
162,Male,16:32,60,56.674534,22.0049709,0.334,0.842
163,Female,7:52,30,-51.6211286,-69.2142863,0.686,0.436
164,Female,14:37,26,46.0952765,-64.7486638,0.359,0.885
165,Female,21:11,88,18.5138139,-72.2881907,0.007,0.118
166,Male,13:21,21,32.9578909,-102.8518139,0.925,0.404
167,Female,19:31,42,-6.9377422,106.8679899,0.946,0.786
168,Female,11:46,24,27.917263,118.541256,0.065,0.477
169,Female,19:59,54,58.4073691,15.5151157,0.173,0.098
170,Female,8:14,61,7.2676037,-8.1447804,0.25,0.832
171,Male,0:09,53,57.007322,39.2695629,0.842,0.535
172,Female,5:44,51,29.655143,121.406995,0.375,0.405
173,Female,3:05,61,30.378737,112.649998,0.327,0.712
174,Male,12:42,96,-34.6893026,-58.5247124,0.828,0.284
175,Male,19:14,47,-11.403372,-74.752726,0.803,0.619
176,Male,1:09,58,8.2853585,-78.1792434,0.025,0.696
177,Male,8:47,49,50.3919,30.368267,0.827,0.614
178,Male,6:49,17,59.3783741,13.5208157,0.931,0.632
179,Female,20:47,77,29.8699072,-95.3298675,0.218,0.444
180,Female,9:02,24,21.8756188,-102.2848729,0.365,0.78
181,Female,3:18,20,-11.8480193,-55.5081012,0.868,0.551
182,Female,22:59,65,48.1779574,-1.7555399,0.42,0.121
183,Female,13:28,79,65.957138,78.344864,0.305,0.544
184,Male,16:08,32,50.404284,16.3904406,0.406,0.393
185,Male,8:16,50,-6.7515973,107.9287898,0.866,0.889
186,Female,1:16,45,26.396895,118.449395,0.755,0.187
187,Male,6:50,69,40.1367469,45.1876561,0.217,0.488
188,Female,5:34,17,47.1427431,-122.4407344,0.078,0.33
189,Female,0:46,14,-7.6535289,110.6749978,0.625,0.776
190,Female,10:36,72,15.690893,120.409906,0.43,0.23
191,Male,16:22,81,47.1181887,9.5433844,0.079,0.466
192,Female,13:55,23,9.1374129,125.5593311,0.674,0.792
193,Male,2:08,56,45.4885295,41.1600688,0.199,0.039
194,Female,7:44,46,23.4069561,58.1252383,0.848,0.496
195,Female,3:29,95,37.44056,129.17083,0.009,0.954
196,Male,2:26,17,54.6001467,52.4387134,0.99,0.881
197,Male,11:02,36,-29.251895,18.841117,0.53,0.239
198,Male,10:19,18,60.6184239,16.7769535,0.174,0.788
199,Male,13:12,49,-22.3281412,27.8252814,0.343,0.416
200,Female,13:24,84,-28.9481925,-51.0749483,0.299,0.544
201,Male,7:44,75,50.0920849,29.5436691,0.391,0.379
202,Male,17:29,58,-1.5791079,30.0694123,0.574,0.149
203,Female,15:17,90,21.31,-157.86,0.819,0.273
204,Female,21:59,94,12.3084603,124.6357734,0.268,0.171
205,Female,1:08,44,31.261447,35.214862,0.668,0.195
206,Female,23:39,71,22.492431,111.075519,0.707,0.947
207,Female,12:36,99,45.9891389,-67.2412221,0.908,0.171
208,Male,13:48,10,-6.9174639,107.6191228,0.558,0.72
209,Male,23:15,60,52.3444367,4.9091171,0.666,0.164
210,Male,20:52,88,57.4837793,12.0883959,0.473,0.024
211,Female,4:32,64,22.765392,112.964446,0.748,0.712
212,Female,16:34,42,48.8708001,2.166848,0.153,0.595
213,Male,9:48,15,32.42949,35.27112,0.308,0.211
214,Female,6:55,31,23.7221111,-15.9347384,0.226,0.943
215,Female,8:36,48,24.094765,116.00509,0.341,0.149
216,Male,20:53,93,23.348395,111.023398,0.552,0.802
217,Female,20:04,84,27.358123,110.514837,0.936,0.918
218,Female,22:35,67,-8.928324,-76.1116997,0.659,0.659
219,Female,16:32,65,32.084932,34.835226,0.943,0.301
220,Male,21:37,76,40.0877962,49.4030218,0.496,0.617
221,Female,10:51,38,-8.2334215,114.3787108,0.277,0.791
222,Male,17:25,36,52.2876905,45.3602833,0.224,0.076
223,Male,0:45,78,14.5508865,121.0075554,0.468,0.707
224,Female,6:42,18,47.6120759,-122.1112721,0.25,0.854
225,Male,16:50,67,36.776357,119.98842,0.257,0.67
226,Female,18:33,47,14.5655554,121.0335158,0.833,0.935
227,Male,10:01,18,52.0629803,19.6406627,0.397,0.663
228,Male,9:16,97,-7.6435908,111.3754214,0.211,0.997
229,Female,6:59,99,22.919769,113.618216,0.418,0.381
230,Male,13:43,94,0.4568473,101.4046099,0.02,0.498
231,Male,15:25,58,-20.9304923,55.5243352,0.386,0.709
232,Female,11:04,45,56.975553,60.3645218,0.455,0.858
233,Male,22:35,58,9.2573324,105.7557791,0.522,0.954
234,Female,8:54,78,51.8010382,29.4967759,0.022,0.582
235,Male,10:49,43,59.0762558,10.0561255,0.135,0.169
236,Female,13:37,63,22.6680599,113.2327987,0.312,0.456
237,Male,6:10,45,38.0339984,23.7379786,0.057,0.269
238,Male,12:45,95,-7.5450262,111.6556388,0.125,0.085
239,Male,8:54,67,25.822138,116.793053,0.139,0.705
240,Female,3:54,79,33.9548846,-118.0273914,0.943,0.161
241,Male,7:53,55,38.8179787,-9.3854336,0.431,0.069
242,Female,5:52,75,59.0572129,12.6642819,0.088,0.07
243,Female,13:55,73,-6.1604549,106.9054618,0.576,0.719
244,Male,16:45,35,55.5376879,42.0791342,0.898,0.418
245,Female,9:21,68,30.2427011,120.1502699,0.868,0.454
246,Male,3:36,25,40.232604,116.410742,0.91,0.449
247,Male,7:09,54,48.8825673,17.5206059,0.644,0.096
248,Female,16:56,46,53.2107303,39.7425094,0.042,0.929
249,Male,2:00,23,-23.749953,-46.39769,0.165,0.719
250,Male,9:32,22,49.0498305,15.5547835,0.792,0.33
251,Female,1:08,35,53.800245,-1.48003,0.219,0.733
252,Female,4:12,59,16.2864333,95.4018087,0.696,0.416
253,Female,1:55,68,51.9956496,70.9359277,0.994,0.974
254,Female,22:22,33,23.701262,117.430061,0.551,0.239
255,Female,2:48,65,13.7060822,107.0303221,0.677,0.648
256,Male,7:49,95,41.6751633,60.7598173,0.566,0.452
257,Male,0:27,17,39.7761758,-89.6051502,0.468,0.403
258,Female,5:08,28,-32.8842032,-68.7998021,0.321,0.911
259,Male,22:12,64,15.3954121,-88.0534236,0.812,0.506
260,Female,7:03,38,10.3578054,105.6308159,0.131,0.741
261,Male,11:41,82,30.978349,107.980213,0.181,0.843
262,Female,12:08,89,40.2649385,44.6549599,0.05,0.26
263,Male,6:29,82,38.6491541,-8.949136,0.593,0.306
264,Male,16:15,55,21.481291,109.120161,0.451,0.265
265,Female,6:21,32,10.9638707,8.3937532,0.758,0.375
266,Female,17:10,21,48.3640578,23.2786949,0.735,0.295
267,Female,22:48,10,-23.5257248,-47.1322342,0.425,0.688
268,Female,10:38,65,38.3542718,22.9085768,0.148,0.832
269,Male,23:57,62,-20.4557393,-63.5186518,0.156,0.848
270,Female,16:40,84,35.21,-80.69,0.21,0.313
271,Female,22:31,100,22.62097,100.721884,0.023,0.438
272,Male,1:50,21,30.069954,103.109184,0.741,0.814
273,Male,12:50,40,25.85587,88.35943,0.233,0.043
274,Male,7:10,76,45.5246959,13.8311208,0.687,0.611
275,Female,2:52,25,31.068706,121.713538,0.566,0.198
276,Female,3:27,49,18.5769276,100.2151578,0.383,0.312
277,Female,4:19,60,-10.4152155,-76.2356005,0.72,0.269
278,Male,23:44,47,22.454651,109.682148,0.779,0.759
279,Female,21:53,74,43.2467751,26.5761136,0.816,0.295
280,Female,9:58,16,9.8220686,124.5140325,0.221,0.284
281,Female,3:57,60,51.8326054,18.3984345,0.25,0.571
282,Female,22:16,59,54.17157,103.027249,0.845,0.679
283,Female,15:57,80,16.4175955,-3.664859,0.309,0.509
284,Female,14:39,12,44.4528239,19.0902035,0.739,0.025
285,Female,7:37,22,6.1724969,1.2313618,0.465,0.27
286,Male,22:16,43,35.375873,139.1671308,0.47,0.899
287,Male,18:32,72,35.8784374,139.6119289,0.146,0.607
288,Female,8:02,59,-7.221562,111.759598,0.761,0.305
289,Female,9:01,23,38.4215487,126.2332502,0.653,0.656
290,Male,2:48,18,8.2673715,-72.0631118,0.376,0.238
291,Male,7:18,71,-2.9062039,114.6905436,0.516,0.372
292,Female,10:55,66,59.8537227,17.6472644,0.688,0.056
293,Male,6:37,67,7.428615,123.42403,0.778,0.396
294,Female,20:36,50,59.3347189,17.9346454,0.167,0.641
295,Female,1:49,23,36.639033,114.462061,0.587,0.209
296,Female,3:46,42,50.9190109,23.5462738,0.933,0.154
297,Female,3:48,100,13.8185096,122.7973241,0.231,0.064
298,Female,18:29,84,41.985186,122.836723,0.587,0.849
299,Male,1:21,40,59.8913759,10.680635,0.829,0.72
300,Female,6:36,35,14.6087807,121.0334173,0.716,0.028
301,Male,18:43,41,57.6814887,39.8556491,0.531,0.113
302,Female,12:54,89,-6.9126426,112.0386945,0.162,0.807
303,Female,0:34,72,-22.4836725,-42.2015431,0.631,0.381
304,Female,1:52,71,50.7868675,12.8945945,0.161,0.503
305,Male,6:54,54,-34.6488719,-56.0668126,0.108,0.521
306,Female,10:52,60,22.58405,113.093384,0.336,0.04
307,Female,5:10,36,20.8965838,-105.4093552,0.743,0.024
308,Female,21:16,66,14.91441,120.894496,0.734,0.343
309,Female,18:25,16,56.0349544,35.9510395,0.625,0.637
310,Male,17:51,63,-34.0896763,23.3261801,0.944,0.629
311,Male,0:52,18,40.4742778,49.8255553,0.286,0.044
312,Female,21:46,50,-31.3746109,-64.1916038,0.19,0.703
313,Female,9:35,33,26.5363305,88.0803051,0.929,0.888
314,Female,20:46,98,60.0410708,18.6130609,0.004,0.757
315,Female,6:40,58,39.1251493,23.6799766,0.144,0.499
316,Female,5:11,56,51.0149751,2.343224,0.76,0.478
317,Male,8:32,75,8.8910633,125.0326766,0.265,0.138
318,Female,13:48,92,52.6545685,41.4475479,0.209,0.757
319,Male,19:33,58,40.104785,117.116756,0.594,0.841
320,Female,10:58,32,31.845809,114.374025,0.035,0.484
321,Male,6:02,36,41.303548,-8.7353479,0.33,0.92
322,Female,15:31,64,49.2513639,22.6952648,0.245,0.46
323,Female,3:20,55,9.3140186,123.3026369,0.023,0.409
324,Male,3:13,76,49.6076079,20.0926064,0.493,0.246
325,Male,11:27,91,28.79188,98.397783,0.651,0.072
326,Male,11:06,53,-8.6464,122.2744,0.185,0.16
327,Female,0:12,13,51.5144022,21.1235461,0.951,0.376
328,Male,20:38,95,-7.532337,109.1374653,0.573,0.07
329,Female,16:57,53,34.0035419,-117.7226392,0.192,0.15
330,Male,18:30,55,14.6050898,-90.5158438,0.831,0.076
331,Female,16:53,97,17.0228,121.778434,0.803,0.805
332,Male,3:46,30,-6.9318,111.2882,0.064,0.996
333,Male,11:00,91,55.8817076,37.720392,0.839,0.084
334,Male,4:24,85,8.2596,-11.1914,0.563,0.566
335,Male,8:12,59,49.5706463,3.6245097,0.05,0.399
336,Male,8:50,17,-6.864462,111.9390257,0.069,0.014
337,Male,2:43,20,40.3513253,45.1272675,0.937,0.364
338,Female,19:06,87,-12.8549255,15.5620927,0.885,0.159
339,Female,16:04,26,32.4237461,-104.2655282,0.63,0.542
340,Female,4:31,29,10.8698035,-73.9830029,0.243,0.166
341,Male,19:32,52,11.7629173,124.3277267,0.556,0.351
342,Male,3:15,100,43.6743315,15.9193188,0.813,0.903
343,Female,14:34,70,14.5033033,-90.5721841,0.407,0.147
344,Female,6:06,29,19.015744,108.916255,0.128,0.67
345,Female,14:07,38,13.3014073,-15.8686635,0.949,0.542
346,Male,5:51,92,12.50337,124.286825,0.434,0.989
347,Male,15:01,100,30.145,-8.369444,0.521,0.229
348,Male,19:34,25,61.5003351,21.8474164,0.688,0.526
349,Male,16:01,99,16.1391267,120.5244987,0.758,0.011
350,Female,4:47,93,-10.2017376,123.4327468,0.727,0.946
351,Male,6:05,46,15.552727,48.516388,0.464,0.088
352,Female,13:56,23,55.8884553,21.2431408,0.56,0.185
353,Male,0:42,76,41.2609927,-8.3135858,0.901,0.891
354,Female,10:29,37,39.1408814,-8.9008346,0.545,0.472
355,Male,13:18,12,62.2030006,23.1762739,0.464,0.717
356,Female,20:47,40,56.4441479,52.2293876,0.57,0.255
357,Male,22:00,90,18.1559131,-77.7652346,0.274,0.062
358,Female,14:07,92,39.7219085,22.3956933,0.966,0.566
359,Male,14:49,19,51.9769348,116.5697117,0.945,0.477
360,Female,19:05,86,13.4570619,123.6791749,0.744,0.455
361,Male,23:02,15,14.3082674,120.9138589,0.753,0.458
362,Female,14:13,87,0.6782274,34.1865669,0.191,0.832
363,Male,7:04,62,48.9897585,37.8049964,0.926,0.015
364,Male,14:49,51,29.731101,116.251947,0.992,0.057
365,Female,8:59,84,26.3039206,127.7616484,0.125,0.43
366,Male,15:16,86,38.0790354,23.5215964,0.105,0.702
367,Male,14:34,60,55.045149,32.721561,0.083,0.206
368,Male,15:20,25,31.899413,102.224653,0.787,0.183
369,Female,15:40,44,-20.210385,57.6240731,0.681,0.139
370,Male,20:31,25,35.8413934,14.5466374,0.621,0.735
371,Male,19:50,19,13.06667,123.61667,0.166,0.768
372,Male,14:10,18,7.0706548,-73.4415929,0.393,0.904
373,Male,20:28,88,9.9100521,-65.6747709,0.614,0.522
374,Female,6:26,14,41.4006881,-8.2904901,0.492,0.992
375,Female,19:36,76,0.4864487,32.4764443,0.531,0.211
376,Male,8:52,90,60.0142824,30.299306,0.768,0.095
377,Female,12:14,31,52.4368772,16.826031,0.775,0.986
378,Female,1:38,81,46.0531262,13.613736,0.887,0.374
379,Male,20:27,42,-7.8169756,111.9790773,0.187,0.516
380,Female,22:23,74,19.9252706,99.8625116,0.251,0.097
381,Female,13:20,13,-26.9272107,-60.0485206,0.123,0.355
382,Female,12:57,62,48.989038,2.513543,0.469,0.968
383,Female,15:56,27,55.9100899,37.4008401,0.433,0.753
384,Female,11:26,41,-27.6856839,-48.7817857,0.49,0.494
385,Male,11:14,91,40.7809019,-74.138917,0.864,0.014
386,Female,20:33,29,34.440727,134.9171616,0.881,0.458
387,Male,20:17,97,45.0075322,19.8227166,0.882,0.06
388,Male,2:56,35,69.4269147,30.820151,0.219,0.796
389,Male,5:56,90,25.525292,108.260701,0.431,0.946
390,Male,13:03,55,8.2458715,4.8118909,0.023,0.322
391,Female,14:46,56,51.0031913,14.4423662,0.911,0.704
392,Female,1:45,33,38.2924675,23.9199305,0.093,0.859
393,Female,9:34,96,53.2544872,14.4927021,0.422,0.643
394,Female,13:11,48,14.3246136,120.8590469,0.964,0.392
395,Female,6:08,41,36.070149,101.931253,0.289,0.847
396,Male,10:27,69,-1.7775816,37.1097748,0.228,0.622
397,Male,2:34,50,15.0952158,-91.1508967,0.745,0.474
398,Female,1:23,87,58.6571132,15.9940592,0.701,0.606
399,Male,20:29,94,24.094765,116.00509,0.767,0.165
400,Male,15:21,19,39.2682845,-9.312494,0.421,0.634
401,Female,11:00,43,43.9923818,43.7706401,0.544,0.154
402,Male,6:21,63,52.6254174,21.0235972,0.057,0.101
403,Female,10:50,45,28.074649,119.141473,0.895,0.774
404,Female,15:04,55,52.182599,20.5627943,0.452,0.841
405,Female,22:37,33,-17.9808139,-63.3697226,0.254,0.318
406,Male,10:21,69,45.0566401,41.0932623,0.467,0.932
407,Female,10:46,36,46.5222421,15.6550008,0.547,0.588
408,Female,12:58,54,50.0558922,21.6020199,0.097,0.497
409,Female,7:27,87,39.109563,117.223371,0.657,0.556
410,Male,10:39,94,55.9835962,37.1465904,0.451,0.833
411,Male,16:28,28,-6.1944094,106.582844,0.09,0.777
412,Female,15:29,21,29.899044,121.844618,0.988,0.016
413,Male,6:48,85,17.1274104,-61.846772,0.479,0.424
414,Female,11:11,81,13.8274278,100.3666326,0.69,0.226
415,Female,17:51,97,36.09,-79.78,0.337,0.186
416,Male,1:23,54,43.9168,-80.09967,0.261,0.446
417,Female,18:38,63,39.1442379,23.8641946,0.374,0.776
418,Male,15:10,12,21.3057815,106.3846459,0.443,0.12
419,Male,16:44,34,-0.7140022,-80.109357,0.932,0.165
420,Male,5:43,36,54.8625893,69.2398607,0.543,0.43
421,Male,9:08,74,-4.1615016,-40.7511885,0.408,0.635
422,Female,15:38,49,28.650072,121.261886,0.124,0.992
423,Male,22:52,81,43.5621247,43.20792,0.251,0.222
424,Male,22:39,13,59.3257293,18.0160867,0.564,0.573
425,Female,5:36,95,27.69965,108.839557,0.387,0.029
426,Male,7:38,76,8.3663119,-62.6496813,0.219,0.554
427,Male,9:57,46,12.6679167,123.9881642,0.71,0.944
428,Male,17:52,28,51.2149435,6.7825598,0.104,0.547
429,Male,8:50,25,52.60665,85.62619,0.834,0.543
430,Male,13:40,11,14.5338735,121.0220037,0.339,0.484
431,Female,17:17,86,34.590396,101.336954,0.261,0.228
432,Female,0:04,24,48.892701,2.233089,0.781,0.409
433,Female,23:43,31,50.61404,22.97512,0.275,0.101
434,Male,3:45,79,34.570012,38.2921653,0.634,0.004
435,Male,13:09,38,31.8024122,12.3005803,0.231,0.36
436,Female,6:25,79,24.674624,102.904318,0.914,0.595
437,Female,10:57,44,51.1909883,-114.4678603,0.106,0.514
438,Female,8:18,77,48.2414942,-1.8090692,0.329,0.862
439,Male,3:57,53,-6.6572023,106.7057733,0.24,0.872
440,Male,4:29,14,32.388662,119.39402,0.009,0.626
441,Female,6:14,41,40.086745,119.926133,0.284,0.423
442,Male,15:07,70,51.7147076,21.7780514,0.007,0.344
443,Female,8:33,51,19.3972335,-99.1933664,0.404,0.175
444,Male,15:10,90,40.221132,115.415805,0.228,0.76
445,Male,20:39,66,53.470219,51.5123156,0.214,0.325
446,Male,16:45,16,-7.3990333,108.1636206,0.832,0.027
447,Male,19:29,71,39.7451063,22.3615771,0.47,0.274
448,Male,5:32,43,59.2980063,18.0669126,0.342,0.759
449,Female,9:08,100,-24.4770763,25.8906212,0.395,0.632
450,Female,0:32,91,37.9400581,110.9938854,0.944,0.857
451,Female,9:21,34,-22.6053393,-46.914966,0.454,0.216
452,Male,8:53,39,48.0778483,39.7955373,0.259,0.014
453,Male,19:14,60,-19.59354,-46.94141,0.3,0.494
454,Female,6:31,51,40.8457193,25.873962,0.655,0.437
455,Female,6:36,37,50.3651987,20.3520979,0.883,0.296
456,Male,16:35,88,45.9120061,6.1549499,0.691,0.422
457,Female,14:08,39,51.4588944,3.5455371,0.702,0.609
458,Male,10:05,26,30.823054,110.973252,0.565,0.914
459,Male,11:17,96,43.153975,-77.6120835,0.089,0.375
460,Female,18:52,49,33.366735,117.541917,0.241,0.288
461,Female,23:38,58,12.3522003,121.0634413,0.299,0.703
462,Female,2:34,69,21.3488387,-157.9435603,0.309,0.45
463,Female,7:26,90,45.1596128,19.1621323,0.475,0.963
464,Female,18:37,86,1.8199703,109.4021154,0.129,0.248
465,Male,12:25,76,-31.4325479,-64.1305924,0.983,0.781
466,Male,22:29,30,39.0063718,117.6852235,0.385,0.81
467,Male,7:08,10,32.5815145,70.9099184,0.483,0.366
468,Male,5:10,56,14.565668,121.0317737,0.983,0.739
469,Female,16:56,44,48.3162239,24.9330262,0.898,0.19
470,Male,15:58,54,50.9449228,20.5669483,0.693,0.063
471,Male,3:23,43,38.7606468,-9.2647064,0.209,0.235
472,Male,11:17,18,14.5906311,121.0855062,0.162,0.654
473,Male,2:03,70,-7.7799,114.0783,0.301,0.354
474,Male,17:51,71,-6.9535762,108.8521777,0.705,0.53
475,Female,11:08,49,34.010666,104.395657,0.212,0.655
476,Male,0:45,54,33.7226749,59.1788204,0.967,0.776
477,Female,21:03,48,41.7870665,-7.9442479,0.721,0.859
478,Female,15:58,81,10.2343685,-64.591805,0.293,0.87
479,Male,22:11,63,52.1327312,18.2293232,0.536,0.561
480,Male,15:51,78,52.5713649,39.5247021,0.406,0.82
481,Male,3:15,17,-11.5576676,-39.2791011,0.604,0.2
482,Female,16:44,42,40.8814636,71.1032591,0.904,0.794
483,Male,10:02,40,41.1814553,-7.4179536,0.197,0.96
484,Male,1:36,41,-7.4039153,112.7718209,0.624,0.705
485,Male,15:45,45,48.8951749,2.0743633,0.874,0.743
486,Male,4:18,89,47.8840341,29.3465596,0.285,0.344
487,Male,1:08,17,40.3942118,44.6854034,0.226,0.839
488,Male,11:34,55,12.6532933,8.4120775,0.539,0.834
489,Female,4:36,34,-3.097,34.108189,0.329,0.92
490,Male,10:06,49,34.56505,95.661523,0.075,0.269
491,Male,20:14,76,32.435435,105.843357,0.892,0.95
492,Female,4:54,76,-8.7183,115.5233,0.29,0.831
493,Female,9:30,47,38.739431,-27.079718,0.101,0.346
494,Male,18:24,51,51.5607333,43.1402151,0.35,0.128
495,Female,12:57,74,29.060527,87.762163,0.627,0.109
496,Male,1:20,28,7.1864095,100.5927222,0.853,0.149
497,Female,21:03,68,37.105382,116.694361,0.697,0.337
498,Female,20:03,67,-2.3062241,-78.1153707,0.706,0.258
499,Female,5:27,77,-6.73479,106.7855,0.543,0.067
500,Female,3:59,81,30.434801,92.060395,0.369,0.375
501,Male,15:02,11,51.7181762,17.7257496,0.17,0.16
502,Female,15:57,26,-7.1546275,108.7660364,0.671,0.023
503,Female,0:00,56,5.98111,121.21472,0.629,0.485
504,Female,11:00,74,-7.1221059,106.5701927,0.634,0.271
505,Male,0:33,67,-22.0853991,-65.5975218,0.63,0.514
506,Female,12:15,100,40.4930573,23.6502521,0.05,0.51
507,Female,14:09,29,-4.6589357,120.3594043,0.774,0.509
508,Male,2:01,100,-20.3855743,-43.5035777,0.357,0.743
509,Female,13:52,13,9.943182,-84.145885,0.748,0.055
510,Female,11:53,25,49.794945,17.865273,0.637,0.883
511,Female,23:37,38,35.991705,36.3938121,0.025,0.763
512,Male,8:43,13,37.22317,100.41617,0.998,0.787
513,Female,20:37,53,-26.8327412,-65.2299908,0.459,0.768
514,Male,19:27,74,10.29041,-67.6274785,0.191,0.009
515,Male,1:41,31,45.235059,18.6364096,0.742,0.937
516,Female,17:26,78,14.2198555,103.5899733,0.403,0.802
517,Male,2:53,82,33.189192,120.103473,0.71,0.399
518,Female,21:46,75,13.0968511,-59.6144819,0.839,0.033
519,Female,7:33,73,49.94912,18.4033,0.909,0.118
520,Female,16:09,39,53.3194376,18.212466,0.358,0.47
521,Female,4:53,92,47.01741,87.68753,0.616,0.903
522,Female,4:27,83,27.0874564,114.9042208,0.865,0.766
523,Male,9:06,47,44.1313751,9.8292338,0.115,0.251
524,Male,6:44,80,43.974344,1.7811783,0.426,0.121
525,Male,13:39,60,-8.2919428,123.2254725,0.195,0.626
526,Female,22:26,67,48.5412136,22.5089067,0.462,0.355
527,Female,18:48,70,59.9531666,10.7559072,0.572,0.545
528,Male,12:58,70,21.2811908,-89.6651628,0.699,0.67
529,Female,9:02,79,-7.3977218,112.7226611,0.147,0.728
530,Male,3:57,18,42.5875788,21.5736596,0.956,0.92
531,Male,19:15,52,-6.2835218,106.7112933,0.26,0.57
532,Female,23:56,65,39.856317,96.779317,0.218,0.35
533,Female,4:41,12,26.5642157,50.0495725,0.538,0.842
534,Male,6:48,71,14.5008343,121.0485932,0.536,0.345
535,Female,9:02,45,40.5845053,-8.0854006,0.23,0.687
536,Female,7:31,67,10.89732,-72.88412,0.674,0.061
537,Male,6:27,62,-3.7600304,-38.5349814,0.164,0.403
538,Female,2:57,88,53.8237809,27.8686163,0.014,0.062
539,Male,17:55,97,37.8038994,69.636351,0.83,0.626
540,Male,12:09,66,45.23223,108.28245,0.853,0.293
541,Female,7:53,50,41.0529013,-7.2705019,0.687,0.093
542,Female,1:46,96,-8.3585481,114.6118669,0.706,0.68
543,Female,4:22,11,59.9477092,10.8219787,0.844,0.783
544,Male,4:59,21,-27.6349915,-48.5219457,0.091,0.063
545,Male,4:36,66,12.4830445,15.4390254,0.929,0.603
546,Male,15:31,53,-7.3,109.066667,0.053,0.261
547,Female,9:09,66,30.548268,112.279606,0.63,0.125
548,Female,10:28,78,-12.417342,-38.7158702,0.8,0.121
549,Male,12:39,63,31.6903638,-106.4245478,0.534,0.246
550,Male,5:43,41,-8.0820572,113.1158644,0.471,0.843
551,Male,9:35,85,39.5969371,116.0715378,0.057,0.997
552,Female,5:15,38,33.5449468,131.4194175,0.665,0.358
553,Female,11:07,66,40.2201203,23.6688433,0.897,0.635
554,Female,2:32,91,29.93442,114.842366,0.947,0.558
555,Female,6:02,62,-11.9019296,-76.6658165,0.423,0.621
556,Female,14:12,66,-31.3961762,26.354462,0.08,0.611
557,Male,1:56,20,47.2550409,-1.5401497,0.546,0.962
558,Female,19:19,72,47.9956173,0.1924459,0.474,0.666
559,Male,2:00,74,56.7558466,60.1103318,0.075,0.295
560,Male,21:26,28,-21.7414439,-48.6891129,0.891,0.986
561,Male,23:32,33,24.410255,117.416058,0.295,0.084
562,Female,2:36,23,-6.9460598,111.8151245,0.763,0.317
563,Female,17:35,59,37.4454804,59.1099161,0.283,0.537
564,Female,11:59,66,48.3162239,24.9330262,0.618,0.399
565,Male,0:22,33,19.8838774,110.4153075,0.808,0.134
566,Male,2:41,89,49.5098047,17.4772489,0.795,0.182
567,Female,9:03,70,13.0842191,123.2970961,0.61,0.866
568,Male,15:42,71,41.985186,122.836723,0.702,0.42
569,Female,23:29,22,-4.1132769,-38.4639632,0.444,0.044
570,Female,22:46,56,14.6004472,121.030802,0.639,0.064
571,Female,1:32,97,-3.112524,115.0406679,0.279,0.511
572,Female,11:06,80,4.168711,-76.167375,0.129,0.766
573,Male,13:27,35,50.1359658,14.9863398,0.929,0.468
574,Male,3:01,30,-7.6209569,-78.0452217,1.0,0.754
575,Male,21:10,11,14.960458,120.755354,0.176,0.325
576,Female,15:49,70,35.3922378,-97.4273195,0.963,0.961
577,Female,4:24,48,29.260885,109.735642,0.16,0.419
578,Male,18:38,33,55.6753006,12.5516206,0.881,0.977
579,Female,15:26,15,28.663694,118.534841,0.508,0.318
580,Female,21:51,17,5.9031249,0.9868468,0.677,0.019
581,Female,18:16,70,-7.0054878,106.9240554,0.515,0.026
582,Male,9:15,25,48.1164447,-1.7128603,0.545,0.362
583,Male,20:51,46,0.5142775,35.2697802,0.609,0.535
584,Male,13:57,71,24.2086649,23.3347215,0.479,0.426
585,Female,6:48,78,-7.3236038,106.4641459,0.943,0.56
586,Female,13:39,86,-8.0109832,112.700315,0.166,0.814
587,Male,2:56,77,30.397162,120.855089,0.683,0.879
588,Male,17:16,11,19.3864947,-99.1435398,0.672,0.958
589,Female,5:52,96,29.24693,103.08249,0.969,0.818
590,Male,11:10,91,38.7087189,-9.2280364,0.365,0.598
591,Male,21:08,36,-7.6408333,108.2391667,0.51,0.347
592,Male,8:05,28,28.6846153,115.8922746,0.921,0.584
593,Male,19:50,12,3.0782922,101.5931076,0.16,0.451
594,Male,15:06,28,59.2278562,15.2613386,0.894,0.238
595,Female,1:39,91,41.2612832,22.9989148,0.955,0.342
596,Female,11:34,11,-6.3235522,106.6948015,0.864,0.202
597,Female,0:45,29,50.3901526,106.1051454,0.762,0.326
598,Male,16:26,66,-7.6838962,109.9764822,0.016,0.943
599,Male,2:10,86,16.80778,48.10917,0.661,0.021
600,Female,7:01,100,40.0912332,44.4037713,0.489,0.935
601,Female,15:10,76,-13.6908547,-71.6421194,0.873,0.396
602,Female,12:03,39,-10.1917127,123.5616058,0.339,0.547
603,Male,21:04,21,36.6777372,-121.6555013,0.299,0.927
604,Male,21:33,31,28.739865,106.720976,0.893,0.782
605,Male,6:34,23,0.549955,117.5730639,0.858,0.99
606,Female,18:00,64,59.0110968,16.2239747,0.953,0.237
607,Female,14:37,94,14.9817467,-87.8893383,0.367,0.528
608,Male,21:28,30,-17.3079902,-40.1862129,0.125,0.581
609,Male,3:08,37,45.6473994,15.3176752,0.908,0.457
610,Male,3:35,46,51.1373971,39.3988465,0.18,0.849
611,Male,2:46,49,17.2025656,-62.588414,0.672,0.147
612,Male,15:25,98,49.4660029,1.0736574,0.902,0.767
613,Male,11:58,10,59.954793,30.2145439,0.426,0.425
614,Female,6:53,76,48.8164264,17.0510711,0.962,0.088
615,Male,0:39,58,53.3177535,-6.2324705,0.734,0.679
616,Male,20:09,10,-6.9789789,111.3888358,0.034,0.918
617,Female,7:15,29,30.3537023,31.2020516,0.292,0.757
618,Female,6:52,75,-5.1734862,105.1990045,0.471,0.189
619,Female,23:12,23,22.817002,108.366543,0.669,0.378
620,Female,21:31,100,43.331546,27.5912198,0.772,0.115
621,Male,21:26,47,40.5139985,72.8160976,0.493,0.068
622,Male,19:15,95,21.982137,112.80173,0.874,0.835
623,Male,21:30,35,-6.9295423,113.2066909,0.891,0.432
624,Female,4:13,20,43.804723,4.401981,0.28,0.41
625,Female,7:08,49,49.1184617,26.3361413,0.058,0.803
626,Male,23:27,14,30.940195,118.75868,0.603,0.027
627,Female,4:56,17,11.8859782,-86.054235,0.784,0.544
628,Female,7:47,50,29.956858,107.209965,0.162,0.829
629,Female,2:54,31,52.4725764,104.4039141,0.079,0.287
630,Male,1:46,15,37.77026,117.625696,0.734,0.17
631,Female,15:03,20,39.95,-75.16,0.481,0.412
632,Male,7:15,75,24.884626,104.308675,0.452,0.137
633,Male,2:29,31,35.8242238,127.1479532,0.919,0.352
634,Male,0:55,61,15.9799959,120.1954272,0.359,0.995
635,Male,20:09,11,-21.5679739,-45.7142063,0.469,0.518
636,Male,16:27,56,37.8505169,140.6001539,0.972,0.281
637,Female,18:49,41,45.4592577,75.2050312,0.469,0.88
638,Female,0:23,29,-8.5639937,122.6164409,0.334,0.605
639,Female,17:39,32,50.9766178,21.7264116,0.936,0.966
640,Female,0:04,65,39.574695,113.28303,0.527,0.221
641,Male,16:23,97,32.993182,110.425983,0.679,0.221
642,Female,5:14,34,8.2414293,124.2469573,0.394,0.171
643,Female,23:23,43,13.8494172,99.408315,0.379,0.972
644,Female,9:47,68,43.1298714,45.5357156,0.566,0.034
645,Male,4:26,81,40.9166667,19.8833333,0.001,0.308
646,Male,3:12,54,35.332666,107.36785,0.166,0.032
647,Male,1:31,62,33.7282738,135.9914552,0.179,0.288
648,Male,7:32,84,9.1375974,-75.2128996,0.706,0.115
649,Male,17:05,94,44.8870215,3.883654,0.391,0.184
650,Male,22:32,64,51.9534228,66.4121857,0.655,0.246
651,Female,6:08,68,49.373136,16.2794136,0.915,0.153
652,Female,23:08,87,10.6968843,106.8907696,0.576,0.364
653,Male,0:28,95,20.1713723,94.8702156,0.485,0.525
654,Female,22:26,97,49.8618582,14.509899,0.947,0.899
655,Female,18:52,29,-0.931556,-78.60585,0.938,0.606
656,Female,16:26,80,6.2962841,-71.9045649,0.644,0.981
657,Male,8:53,17,44.9564928,15.9614667,0.647,0.008
658,Male,11:55,75,-7.5476215,110.8102573,0.93,0.324
659,Male,13:14,56,37.868872,116.144417,0.87,0.817
660,Male,1:02,22,30.8346,117.552738,0.817,0.295
661,Female,17:35,15,50.1191124,26.8281141,0.298,0.718
662,Female,6:06,16,10.8220957,122.5296163,0.837,0.615
663,Male,5:06,93,-8.496803,115.148803,0.606,0.628
664,Male,19:24,36,2.1514272,11.3317605,0.313,0.857
665,Male,17:02,77,19.5230587,-71.923832,0.012,0.872
666,Male,20:31,24,41.050928,36.861253,0.772,0.039
667,Female,15:51,45,29.2813,117.22473,0.333,0.483
668,Male,11:36,31,36.956333,45.3878348,0.533,0.611
669,Male,22:30,47,11.9210864,-86.1230153,0.115,0.115
670,Male,6:15,11,-6.2306088,-77.9554253,0.018,0.71
671,Female,1:20,46,49.467631,124.782276,0.215,0.928
672,Female,2:53,34,50.10186,19.42228,0.402,0.555
673,Female,16:41,82,60.2653316,30.4577808,0.257,0.85
674,Female,3:32,34,29.8867765,-95.5491595,0.944,0.201
675,Female,10:14,40,47.0179158,-68.1430518,0.55,0.331
676,Female,11:05,18,8.9215342,117.5532603,0.337,0.396
677,Female,19:42,63,51.8677116,16.4856013,0.752,0.775
678,Female,5:52,45,31.4057897,73.1228958,0.316,0.982
679,Male,12:32,12,7.1071694,125.6472799,0.809,0.444
680,Male,3:08,57,12.6392316,-8.0028892,0.186,0.657
681,Female,2:08,51,22.265811,113.543784,0.763,0.74
682,Female,18:13,93,58.9955511,16.2054756,0.55,0.866
683,Male,12:54,69,-34.7117766,-55.963705,0.942,0.196
684,Female,21:35,94,34.0724454,72.0577733,0.335,0.662
685,Female,0:57,22,-7.0898684,109.3247866,0.505,0.947
686,Male,12:37,61,-29.362503,-51.08671,0.554,0.63
687,Male,7:58,77,51.8123584,20.065421,0.054,0.421
688,Male,14:01,60,-29.4169973,24.7380385,0.106,0.141
689,Female,7:59,86,42.3890735,47.9897691,0.814,0.874
690,Female,9:10,19,-7.043508,-77.873172,0.655,0.949
691,Female,4:47,60,-8.8479584,121.6468481,0.168,0.914
692,Female,16:11,18,31.753884,118.565462,0.002,0.629
693,Female,22:43,50,40.9971976,22.5703984,0.753,0.125
694,Male,6:44,42,22.915288,114.003577,0.77,0.827
695,Male,12:34,27,48.5059863,33.1662988,0.557,0.944
696,Female,4:58,78,-2.9118209,119.3250347,0.394,0.525
697,Male,13:37,51,22.521523,114.055023,0.935,0.731
698,Female,18:06,19,35.8042947,69.2877535,0.389,0.747
699,Male,8:55,45,20.044412,110.198286,0.298,0.304
700,Male,6:30,25,16.3496709,-98.0587939,0.467,0.532
701,Female,0:47,64,-26.8039789,-48.6489134,0.795,0.937
702,Female,1:11,70,31.236215,121.477445,0.142,0.722
703,Female,12:53,82,50.9131655,31.1168458,0.671,0.778
704,Male,14:41,40,-19.7809492,-63.1973233,0.907,0.332
705,Female,13:12,65,63.4416393,25.6450741,0.111,0.973
706,Male,6:50,51,8.0030266,124.3465661,0.7,0.435
707,Male,22:54,23,6.2272766,1.5814235,0.875,0.346
708,Female,15:27,29,56.5523691,38.0335558,0.336,0.829
709,Male,12:21,40,17.3233062,103.8680047,0.583,0.413
710,Male,2:51,95,52.3468215,21.2540462,0.765,0.652
711,Female,23:45,86,10.39799,123.915501,0.626,0.247
712,Female,18:11,84,10.630446,122.977964,0.387,0.55
713,Female,20:16,77,26.312444,99.850365,0.002,0.621
714,Female,5:00,92,31.4153241,121.2288833,0.783,0.366
715,Male,17:14,40,41.7464398,-8.3721165,0.205,0.435
716,Female,18:06,80,-32.4499018,-71.2325958,0.061,0.206
717,Male,21:52,58,-6.0924606,105.9112424,0.263,0.046
718,Female,8:10,57,31.685608,35.120362,0.284,0.232
719,Female,10:10,67,50.8105808,27.3166945,0.6,0.057
720,Male,16:28,56,31.5587,35.1244,0.128,0.305
721,Male,9:59,62,49.5970348,16.041166,0.936,0.01
722,Male,10:51,85,36.6561848,40.3675423,0.85,0.279
723,Female,10:37,15,59.0490896,60.5974703,0.631,0.666
724,Female,7:28,58,-7.55,111.283333,0.656,0.297
725,Male,23:21,77,51.149402,34.3175225,0.983,0.953
726,Male,6:36,85,30.572815,104.066801,0.803,0.722
727,Male,7:46,92,42.5448774,20.3076276,0.797,0.958
728,Female,21:23,65,23.309937,101.945085,0.892,0.859
729,Male,15:22,62,57.6635985,12.037055,0.983,0.536
730,Male,3:30,61,43.9072222,87.4741667,0.449,0.115
731,Male,3:51,29,44.985613,20.1568773,0.241,0.914
732,Female,20:47,38,32.187849,119.425836,0.447,0.599
733,Female,11:50,10,24.8987787,68.8274279,0.653,0.144
734,Female,20:07,92,-5.9127393,29.1913918,0.499,0.185
735,Female,13:25,35,0.965759,31.7195459,0.539,0.687
736,Male,3:42,43,20.762634,109.763659,0.207,0.608
737,Male,11:55,97,-7.7563468,111.3441212,0.324,0.809
738,Female,16:19,65,-6.7185157,38.7420548,0.442,0.228
739,Male,17:22,24,54.7624683,48.6849571,0.125,0.21
740,Male,16:16,95,-8.6847,122.2162,0.071,0.735
741,Female,0:48,11,11.276586,124.030409,0.13,0.59
742,Female,23:05,15,59.6136775,16.2283098,0.036,0.973
743,Male,9:36,95,14.72328,102.1609718,0.528,0.057
744,Male,6:44,71,56.3464983,21.065493,0.238,0.03
745,Male,23:27,39,40.8950649,45.1378873,0.494,0.094
746,Female,10:29,82,44.903044,-93.2332244,0.341,0.863
747,Female,10:48,83,1.2061176,31.8164031,0.152,0.552
748,Female,19:25,56,46.259991,14.367531,0.279,0.883
749,Male,3:31,24,36.4707823,140.5615795,0.181,0.016
750,Female,10:15,96,32.700367,67.303116,0.475,0.414
751,Female,13:20,22,32.46,-84.99,0.549,0.863
752,Male,15:25,89,43.9307146,4.8743415,0.834,0.756
753,Female,14:04,19,-22.65053,-60.129002,0.243,0.645
754,Female,2:08,16,19.3579802,-99.0806088,0.81,0.086
755,Female,15:43,24,-8.1141,111.7762,0.297,0.376
756,Female,11:19,95,-7.0179759,109.8633501,0.517,0.054
757,Female,6:32,74,37.3189149,-121.9416226,0.557,0.183
758,Male,4:31,33,55.9437901,37.315783,0.722,0.919
759,Female,4:25,74,14.6214687,-90.8066537,0.463,0.397
760,Male,10:18,72,20.8236509,-77.5791358,0.07,0.662
761,Male,19:17,49,40.400903,116.771211,0.582,0.906
762,Male,21:15,68,48.5878559,2.591512,0.642,0.739
763,Male,9:38,87,14.740281,-91.2062,0.135,0.237
764,Female,6:51,73,-29.4799379,-51.7994632,0.848,0.096
765,Female,9:27,69,8.1219,122.673813,0.287,0.738
766,Male,13:39,57,-7.229,106.9856,0.766,0.602
767,Male,18:50,94,-10.5571304,121.8505679,0.972,0.64
768,Male,14:28,81,68.34986,-133.72181,0.238,0.821
769,Female,18:17,95,0.0514721,37.6456042,0.578,0.896
770,Female,13:19,83,7.833333,-11.666667,0.948,0.211
771,Male,17:13,85,14.5643857,121.1293312,0.118,0.203
772,Female,14:05,47,22.8037709,-80.0702555,0.44,0.633
773,Female,0:14,55,45.788378,3.1331436,0.459,0.68
774,Female,8:18,62,-22.8481591,-47.6063666,0.856,0.567
775,Male,7:20,20,58.3493356,13.8300629,0.582,0.322
776,Female,20:56,81,50.6731869,13.9418552,0.817,0.536
777,Male,16:05,84,-7.6838962,109.9764822,0.635,0.804
778,Female,5:40,69,-19.7775397,29.3627814,0.079,0.059
779,Female,5:35,62,48.7359203,22.4723243,0.132,0.822
780,Female,1:20,57,52.0330418,5.1055921,0.32,0.882
781,Male,3:07,52,-32.9578112,-60.6682209,0.075,0.802
782,Male,12:44,50,25.941937,117.365052,0.965,0.18
783,Female,9:12,38,27.867118,116.18757,0.42,0.85
784,Male,7:30,81,39.9791423,117.0643296,0.37,0.655
785,Male,21:55,30,8.4430125,-82.3777335,0.466,0.255
786,Male,21:25,63,28.168408,120.482198,0.415,0.225
787,Female,12:23,60,-6.7347875,111.4648515,0.648,0.477
788,Male,11:47,34,-6.2822524,107.2518631,0.085,0.631
789,Male,3:01,18,44.0527811,6.1717148,0.711,0.801
790,Female,11:04,52,13.6868163,-89.1181849,0.999,0.485
791,Female,5:40,42,44.5159761,21.7315817,0.033,0.259
792,Female,16:29,89,50.1191335,14.0734646,0.306,0.207
793,Female,8:02,82,29.615233,110.608528,0.987,0.505
794,Male,3:51,52,5.40004,-76.60003,0.67,0.318
795,Male,7:08,23,-9.4020529,34.0195827,0.553,0.96
796,Male,15:08,12,-6.6389142,111.4737946,0.116,0.889
797,Male,5:24,30,57.903389,53.715125,0.239,0.582
798,Female,7:15,73,25.386379,114.922922,0.196,0.883
799,Male,20:24,30,10.998264,77.0324649,0.61,0.195
800,Female,2:58,33,42.4395419,-83.3155257,0.716,0.686
801,Female,2:14,65,23.021478,113.121435,0.558,0.121
802,Male,2:15,39,-32.4499018,-71.2325958,0.047,0.161
803,Female,5:33,35,50.9346454,6.9331365,0.943,0.122
804,Female,4:46,91,32.187849,119.425836,0.02,0.452
805,Female,1:38,29,43.977331,81.318189,0.235,0.464
806,Female,7:07,85,43.262695,45.6506664,0.071,0.51
807,Female,4:01,48,30.466314,92.55497,0.537,0.251
808,Female,20:19,65,14.6291821,120.9956398,0.672,0.886
809,Female,13:24,32,-6.8958354,107.6039392,0.276,0.177
810,Female,4:02,85,5.9201411,125.6500276,0.156,0.878
811,Female,11:06,52,-11.1215276,-75.3587075,0.181,0.239
812,Female,19:19,44,-7.221562,111.759598,0.199,0.476
813,Female,9:39,85,-7.3352,108.4184,0.45,0.578
814,Female,8:21,38,50.03332,-113.58524,0.991,0.672
815,Female,3:45,28,38.779669,63.8699655,0.745,0.015
816,Male,5:57,53,-22.3281412,27.8252814,0.897,0.293
817,Male,12:04,68,-6.7487502,111.0318829,0.621,0.891
818,Male,11:28,18,41.5044882,-5.7434763,0.13,0.701
819,Female,10:21,72,51.0000803,23.3235504,0.058,0.207
820,Male,2:14,35,18.2849318,109.5907878,0.604,0.198
821,Male,9:45,72,-3.741645,-39.6105142,0.374,0.402
822,Male,20:01,87,55.5792489,37.604585,0.117,0.638
823,Male,17:26,99,26.789958,114.908872,0.999,0.778
824,Female,21:00,67,24.546876,107.04219,0.423,0.297
825,Female,23:09,63,19.4392516,-99.1636051,0.694,0.691
826,Male,15:02,83,6.8113706,126.0868349,0.427,0.06
827,Female,19:57,69,43.817071,125.323544,0.677,0.633
828,Male,15:39,65,-10.249091,-48.3242858,0.711,0.045
829,Female,5:17,60,-7.6772147,109.0185719,0.467,0.957
830,Male,6:52,88,49.7694382,13.5090071,0.081,0.649
831,Male,3:59,78,53.0903178,8.9354031,0.124,0.128
832,Female,10:29,15,49.1073208,7.0685103,0.39,0.155
833,Male,16:14,57,45.9120061,6.1549499,0.913,0.06
834,Female,3:45,46,52.3336578,20.8869861,0.385,0.868
835,Male,21:17,33,10.3080476,124.8136246,0.431,0.815
836,Female,14:43,22,49.246867,126.991527,0.807,0.974
837,Female,17:30,72,33.7311229,130.5200852,0.588,0.532
838,Male,5:40,77,14.709034,120.947095,0.831,0.131
839,Female,7:38,59,35.4731712,137.0375112,0.241,0.486
840,Male,18:58,21,65.691125,-18.1061726,0.541,0.042
841,Male,19:56,52,36.097577,114.392392,0.363,0.169
842,Male,0:33,42,31.920658,120.284938,0.278,0.24
843,Male,10:29,83,47.2806309,39.7431061,0.392,0.435
844,Male,17:14,60,45.0244716,20.056916,0.875,0.354
845,Male,13:59,24,39.0493793,121.7791025,0.483,0.857
846,Male,21:14,42,44.2171148,0.6352163,0.542,0.489
847,Male,23:02,42,23.02299,113.1039,0.549,0.76
848,Female,14:11,36,45.0575208,20.1945283,0.72,0.046
849,Female,4:32,65,-8.3568079,114.5806885,0.602,0.935
850,Male,7:42,77,13.1277417,122.9790773,0.837,0.128
851,Female,16:12,65,38.520089,102.188043,0.117,0.606
852,Male,15:47,79,22.498753,113.53129,0.016,0.388
853,Male,4:58,58,-31.5469052,29.0213682,0.167,0.404
854,Female,6:37,30,27.939395,104.622995,0.011,0.885
855,Female,14:32,25,-10.2579964,-40.1945306,0.058,0.95
856,Male,0:03,84,-21.1880429,-43.9759925,0.84,0.292
857,Male,20:07,88,-6.7228,111.633,0.81,0.814
858,Female,23:55,88,-32.232355,-64.442428,0.047,0.539
859,Female,13:21,39,-6.8686728,107.516493,0.518,0.535
860,Male,20:15,16,59.3796798,28.1791333,0.927,0.86
861,Female,3:00,89,-7.823074,110.1576731,0.385,0.506
862,Male,1:29,61,32.4286242,130.6493402,0.511,0.2
863,Male,6:34,77,-6.3077304,106.1831224,0.946,0.839
864,Female,13:57,79,38.7233591,-9.4052043,0.795,0.331
865,Male,20:19,55,33.731926,67.068153,0.22,0.991
866,Male,5:13,14,22.198745,113.543873,0.963,0.828
867,Female,5:02,17,50.6026456,17.0703956,0.953,0.645
868,Female,3:41,34,14.7464846,121.0764017,0.842,0.267
869,Female,4:35,41,9.2727457,-65.7698663,0.306,0.525
870,Female,14:45,48,35.5407,106.837052,0.853,0.752
871,Male,2:55,51,30.314378,118.662941,0.239,0.423
872,Male,23:21,88,60.9464266,29.1348316,0.923,0.508
873,Female,19:20,12,51.9695974,15.5383803,0.741,0.836
874,Female,10:22,73,-8.0401628,113.831703,0.671,0.007
875,Female,20:23,10,-14.3816618,34.3254842,0.329,0.637
876,Male,2:51,10,23.028956,113.143441,0.175,0.374
877,Male,7:36,47,35.8054733,-78.6169494,0.525,0.572
878,Female,22:10,47,29.689847,121.28259,0.342,0.293
879,Female,18:47,26,45.7782243,4.7987938,0.376,0.782
880,Female,3:55,85,55.900378,37.387813,0.914,0.683
881,Male,8:54,45,-7.5893786,109.1315198,0.105,0.798
882,Male,23:36,19,37.8540608,-8.7921961,0.562,0.059
883,Female,16:29,81,11.9404192,108.4583132,0.564,0.809
884,Female,19:41,79,-7.6150611,108.4988269,0.035,0.148
885,Male,23:34,86,33.888718,104.549972,0.432,0.003
886,Male,21:01,18,-6.8739016,-35.4562795,0.968,0.764
887,Male,1:19,66,-0.679873,100.309489,0.22,0.433
888,Female,12:15,91,40.1578419,44.0925766,0.471,0.669
889,Female,11:41,21,-16.3753091,-58.4059227,0.04,0.864
890,Male,17:14,82,51.46681,-109.16818,0.675,0.543
891,Female,12:24,99,18.7634836,-70.3352881,0.854,0.943
892,Female,2:04,76,46.4695205,94.0976021,0.863,0.622
893,Male,11:48,57,-23.6126976,-46.9465138,0.101,0.821
894,Male,2:21,14,48.433225,123.220598,0.885,0.11
895,Female,20:55,87,48.2506791,6.4196206,0.952,0.485
896,Female,17:55,32,27.867125,107.503649,0.99,0.428
897,Female,23:53,83,30.9882241,121.1241334,0.702,0.037
898,Female,12:52,81,-11.434693,-61.4566885,0.488,0.038
899,Female,21:21,45,44.6757957,20.4004819,0.546,0.153
900,Female,2:15,41,-7.934176,-35.2920979,0.252,0.448
901,Male,10:55,78,40.0134476,21.1891151,0.237,0.069
902,Female,19:27,18,22.2479136,-97.8755614,0.178,0.791
903,Male,17:21,31,39.5511448,-104.9505671,0.415,0.126
904,Female,19:27,97,8.9438393,125.5403208,0.693,0.536
905,Male,20:16,28,54.8986278,61.3521146,0.415,0.677
906,Female,9:20,17,13.2317498,123.7702587,0.038,0.402
907,Male,15:51,86,37.9022064,55.95535,0.115,0.376
908,Male,1:10,77,-11.7198172,43.2630304,0.385,0.661
909,Male,2:59,15,39.8067,116.030192,0.954,0.026
910,Female,16:13,66,-30.1114565,28.678979,0.308,0.132
911,Male,20:01,17,32.704029,35.166003,0.512,0.144
912,Female,10:22,75,39.9149407,-8.350634,0.937,0.803
913,Male,19:15,12,-2.8852569,104.687936,0.496,0.286
914,Male,13:19,78,48.890054,2.2372792,0.022,0.477
915,Female,18:52,74,39.3297421,-8.3745717,0.455,0.547
916,Male,16:53,78,44.0731738,15.2838313,0.346,0.084
917,Male,11:49,15,39.982718,117.078294,0.727,0.836
918,Female,15:58,58,21.5743109,105.8215718,0.113,0.186
919,Female,15:51,51,27.121652,107.047128,0.183,0.099
920,Female,13:22,56,36.3046238,139.1386824,0.021,0.667
921,Male,1:15,73,-0.2007936,102.5527505,0.309,0.732
922,Male,2:37,53,48.3606958,-0.2717072,0.734,0.166
923,Male,12:45,42,32.990664,112.528308,0.191,0.503
924,Female,10:08,58,42.9782326,-7.5626411,0.309,0.739
925,Male,17:33,47,55.744306,37.2342617,0.149,0.675
926,Female,23:10,36,38.4507739,140.3089223,0.229,0.136
927,Female,18:11,21,52.0008866,20.6716007,0.433,0.577
928,Male,14:40,66,32.46392,35.21938,0.689,0.717
929,Male,6:05,52,-24.9288708,-53.4392535,0.94,0.724
930,Female,9:54,87,-24.7902746,-49.7728757,0.91,0.465
931,Female,8:18,11,2.8426922,117.2911248,0.923,0.515
932,Female,22:19,21,45.273298,127.504166,0.45,0.195
933,Male,0:26,80,50.5504728,20.0561066,0.873,0.205
934,Female,18:47,75,34.016449,64.5266446,0.657,0.779
935,Female,19:52,60,24.77848,110.496593,0.164,0.412
936,Male,18:23,40,22.517585,113.39277,0.577,0.853
937,Female,5:18,78,38.414217,77.245761,0.158,0.813
938,Male,9:10,92,40.5072039,20.9253299,0.102,0.079
939,Male,8:01,59,25.918786,119.373428,0.21,0.032
940,Female,19:54,26,8.2192683,5.5066242,0.338,0.482
941,Male,2:37,35,39.7546452,-8.5234076,0.784,0.749
942,Female,23:52,21,-22.4183841,-44.3482701,0.991,0.889
943,Female,13:11,28,41.682758,20.32996,0.878,0.497
944,Female,6:49,90,63.1109993,23.0789691,0.786,0.027
945,Female,2:28,37,43.1237608,2.317187,0.082,0.531
946,Male,0:28,79,14.5662555,121.0134482,0.776,0.222
947,Male,8:54,26,7.591829,124.0735387,0.886,0.991
948,Female,6:23,94,-3.1572403,29.3714909,0.502,0.902
949,Female,0:01,97,32.881263,99.586963,0.916,0.22
950,Female,10:35,81,44.4466286,18.6510559,0.36,0.358
951,Female,16:49,43,38.2643887,140.2604198,0.154,0.403
952,Female,7:19,12,-7.1532,114.3304,0.904,0.778
953,Male,7:22,29,25.085589,104.8951,0.129,0.769
954,Male,0:28,24,22.200895,-97.8531153,0.82,0.21
955,Male,2:53,72,35.2686888,9.4283801,0.933,0.955
956,Female,0:46,79,49.8674755,6.2651155,0.904,0.555
957,Male,13:58,67,52.8498651,-8.9821467,0.064,0.049
958,Male,2:50,73,9.891058,-84.081696,0.46,0.612
959,Female,22:15,50,-7.8003628,110.0181673,0.752,0.734
960,Male,7:59,75,-6.9174639,107.6191228,0.153,0.669
961,Female,10:35,82,33.8781886,-117.5731991,0.229,0.767
962,Male,10:10,44,57.2702863,16.4538847,0.095,0.596
963,Female,22:01,65,32.770894,119.745363,0.14,0.326
964,Male,15:55,30,40.2715286,44.633383,0.458,0.413
965,Male,11:09,39,-8.1885372,112.3665609,0.697,0.921
966,Female,18:32,23,32.5815145,70.9099184,0.054,0.131
967,Female,12:39,83,12.6612116,-0.5683399,0.259,0.076
968,Male,8:56,65,35.5390834,24.15476,0.858,0.78
969,Female,18:52,55,40.4930573,23.6502521,0.998,0.792
970,Male,22:01,31,-7.4642812,112.4216959,0.362,0.516
971,Male,0:05,52,33.1963963,-8.587212,0.109,0.451
972,Male,14:52,89,38.042805,114.514893,0.797,0.305
973,Male,6:33,71,48.87561,2.302597,0.381,0.96
974,Male,22:00,37,36.402881,113.38098,0.039,0.637
975,Female,5:11,77,14.1347846,121.5063802,0.239,0.53
976,Female,8:10,58,23.701262,117.430061,0.036,0.286
977,Female,14:40,79,51.667293,19.93565,0.532,0.185
978,Female,1:17,51,13.8135951,100.4227992,0.936,0.788
979,Female,22:52,41,28.0178637,-80.7023819,0.759,0.704
980,Female,10:23,44,-14.1007487,-71.4306785,0.926,0.077
981,Male,19:54,55,21.8628802,106.5377839,0.731,0.478
982,Male,0:00,22,53.4808987,34.4602881,0.399,0.927
983,Female,16:43,96,20.3411024,-103.9970779,0.303,0.562
984,Male,2:10,44,62.0672192,-7.3009701,0.635,0.901
985,Female,1:56,46,16.2413934,-61.5340396,0.784,0.998
986,Male,16:35,87,27.788371,107.913127,0.232,0.883
987,Male,13:18,69,8.1113884,123.8961588,0.672,0.339
988,Male,11:02,96,58.4078726,51.1841486,0.867,0.523
989,Female,19:24,49,40.7477848,-8.0752858,0.695,0.51
990,Female,10:15,14,13.81967,100.0601382,0.739,0.627
991,Female,4:24,52,14.335889,-89.713497,0.803,0.032
992,Male,0:49,78,-7.3350849,111.46038,0.139,0.308
993,Female,16:24,42,-13.68828,-72.019989,0.326,0.015
994,Male,8:57,81,55.536259,37.5985159,0.724,0.924
995,Female,10:54,44,-12.2179111,-76.5148607,0.913,0.338
996,Male,19:42,60,-34.7114038,-58.3834251,0.668,0.691
997,Male,6:55,10,-2.2527615,115.7101789,0.618,0.362
998,Male,15:44,80,59.2689705,17.9879854,0.496,0.664
999,Female,6:18,97,48.3135026,25.082229,0.929,0.03
1000,Female,9:54,21,24.9936281,121.3009798,0.37,0.677
