id,gender,military_time,age,latitude,longitude
1,Male,12:23,45,-7.0631844,107.7843483
2,Male,1:19,56,38.365641,-7.4731029
3,Male,1:19,35,39.1822152,-84.4225186
4,Male,16:24,68,37.005017,114.683863
5,Female,21:48,90,53.5567847,8.5929499
6,Male,19:59,82,46.6473105,0.813275
7,Male,20:18,67,59.2889777,18.3689021
8,Female,5:57,53,28.54,-81.38
9,Male,20:20,10,38.7188171,-9.4194921
10,Male,2:38,15,50.2759698,19.5946634
11,Male,0:30,58,-0.3688967,35.286286
12,Female,10:08,13,45.3567755,19.6173117
13,Male,6:57,85,51.43341,-114.03528
14,Male,20:56,68,0.5772758,31.5370003
15,Female,17:43,68,31.437058,119.975172
16,Male,17:54,86,31.031933,119.659553
17,Female,5:30,34,-6.4772202,108.3198722
18,Male,0:13,58,32.78,-96.8
19,Male,6:19,59,7.6949299,18.6264694
20,Female,8:28,71,-10.6818,123.3537
21,Female,7:16,79,35.4399,48.0736
22,Female,21:30,78,27.0522919,89.5756987
23,Male,0:15,62,-27.9715033,27.0319884
24,Female,6:48,65,14.7596318,121.0589081
25,Female,9:42,58,55.5039231,46.3984938
26,Male,23:19,76,49.297491,125.217735
27,Female,13:37,56,36.5052612,-6.2761016
28,Female,20:10,81,10.149672,123.279336
29,Male,16:37,67,53.778695,73.8784471
30,Female,21:48,24,51.9922595,17.8705418
31,Female,4:54,96,-20.2973067,57.496673
32,Male,17:20,82,-20.9400441,-48.4812248
33,Male,15:16,53,-6.669221,106.0463837
34,Female,16:15,100,6.474867,-72.970517
35,Male,3:29,63,-8.8229,121.053
36,Male,0:28,82,13.302428,123.4403955
37,Male,9:56,23,-28.4866323,-59.3540025
38,Female,19:05,27,58.284686,12.3260336
39,Female,21:35,84,-7.0872117,110.9134113
40,Female,1:57,15,57.2900329,13.5137081
41,Male,9:00,27,-6.588201,106.804564
42,Female,10:07,85,32.874735,117.531622
43,Male,13:21,56,-34.6761,-58.5404623
44,Male,11:15,23,35.9247112,139.7667822
45,Male,23:11,35,38.8066531,-9.3199202
46,Male,17:51,72,35.5955313,36.0322459
47,Female,12:59,77,43.4945737,5.8978018
48,Male,6:47,88,35.708631,114.617827
49,Female,8:51,42,40.6307451,-74.1181234
50,Female,10:52,23,11.0002604,122.740723
51,Female,15:36,30,-22.7575561,-42.1343805
52,Male,8:31,57,24.497798,112.29102
53,Female,23:13,32,29.978663,111.782745
54,Female,5:25,49,-22.787936,-50.2199938
55,Male,16:16,47,50.0637682,29.9049684
56,Female,7:48,44,-7.6095457,110.9655659
57,Male,7:00,50,42.9203458,21.7421911
58,Male,23:17,16,58.7542973,16.8555169
59,Male,17:48,28,50.1206081,16.4894818
60,Female,23:54,56,45.0806751,7.6873152
61,Male,14:35,38,63.593219,53.9068532
62,Female,23:51,99,52.6244001,20.3835279
63,Female,16:44,22,47.66389,36.25633
64,Female,10:49,22,19.379122,-99.1097687
65,Female,22:30,44,14.93278,47.02763
66,Female,19:50,55,-7.7911198,-79.2197376
67,Female,8:46,94,31.2367474,121.5221244
68,Female,10:19,44,30.640814,93.232528
69,Male,12:32,98,-8.6186415,115.1831787
70,Male,17:48,33,34.542308,118.752842
71,Female,6:41,51,36.8665367,10.1647233
72,Male,14:22,91,49.9112092,16.7105196
73,Male,2:58,66,-8.6028125,121.8135556
74,Female,6:29,58,43.1118267,17.7054838
75,Male,2:32,100,1.1016277,33.9303991
76,Female,11:15,44,-20.7736517,-49.7107263
77,Male,20:20,71,1.4403744,125.1216524
78,Male,3:50,47,9.8411782,123.9121342
79,Female,3:49,31,14.4713275,120.8889291
80,Female,2:37,58,49.7517708,17.919916
81,Female,10:23,66,8.8928524,11.3771496
82,Female,5:19,34,35.8515197,136.1957329
83,Male,5:39,58,29.276219,90.081241
84,Female,10:23,26,34.007974,119.839212
85,Male,12:42,20,51.2757594,17.8095674
86,Female,17:40,53,40.2240899,-7.6500513
87,Male,18:42,53,62.2245877,40.2634504
88,Female,16:59,44,58.703557,14.1362521
89,Male,16:28,43,52.1466159,23.3386501
90,Male,17:03,24,-8.68633,118.0771515
91,Male,4:55,76,16.7445704,100.1367166
92,Female,14:37,14,-27.1677239,-65.4969437
93,Female,6:58,20,-7.6095457,110.9655659
94,Male,10:50,79,44.8657158,16.8537839
95,Male,10:38,40,38.3540386,23.2037131
96,Male,11:55,31,-8.8598312,121.193945
97,Male,0:38,12,25.566821,-103.4295033
98,Male,20:00,43,51.8911132,31.5958532
99,Male,15:11,91,23.5958633,120.2858846
100,Male,19:55,32,-7.4704747,112.4401329
101,Male,5:36,59,29.5079723,71.2430776
102,Male,6:20,29,48.968713,117.773198
103,Male,10:44,28,38.070311,114.411459
104,Male,2:23,29,31.210297,96.600578
105,Female,12:22,34,39.079722,117.17443
106,Female,0:45,99,46.823629,-0.4928359
107,Male,18:21,40,30.115083,102.810415
108,Female,15:36,55,3.0100681,101.5326734
109,Male,17:41,56,39.6507816,-8.5452616
110,Male,13:01,57,10.6135398,-66.8498883
111,Male,3:29,93,-19.1694375,46.7405959
112,Female,8:55,23,19.1284443,41.9246083
113,Male,5:28,90,16.5836127,42.9149297
114,Female,11:01,55,32.244032,35.064616
115,Female,17:24,85,44.2561511,-76.9549695
116,Male,2:32,68,-6.201062,106.5746124
117,Male,18:41,81,-22.8340652,-42.0205561
118,Male,22:35,70,10.6936663,122.5655726
119,Female,15:02,75,-23.8158392,-45.3664809
120,Male,18:33,70,39.2671237,-84.5195974
121,Female,23:07,35,39.7665139,-89.6100521
122,Male,3:31,59,35.287727,111.692186
123,Male,7:49,61,31.830035,115.388966
124,Male,21:20,17,-34.7682125,-58.3613645
125,Male,8:00,41,-34.6558079,-58.3734773
126,Female,13:09,33,-9.8529,124.2342
127,Female,12:21,58,50.401499,20.1667579
128,Female,12:50,77,29.693316,120.167774
129,Male,15:11,100,43.5370504,24.7458579
130,Female,5:51,45,7.554461,-11.693428
131,Male,2:47,40,-7.1610471,111.5975081
132,Female,4:45,61,55.5376879,42.0791342
133,Female,21:00,95,38.2020764,140.0905156
134,Female,22:23,94,28.705864,109.276796
135,Female,22:20,91,-7.7188383,108.024301
136,Female,22:48,27,27.754532,112.723615
137,Male,18:41,10,54.7117997,27.2897849
138,Male,14:30,68,-6.9661799,112.3561297
139,Female,10:56,99,41.9432941,20.9481376
140,Female,22:32,80,28.445007,102.639837
141,Female,20:18,96,59.3156702,18.0942083
142,Female,8:39,67,31.827364,119.9690478
143,Female,3:23,57,10.2183336,2.6660901
144,Female,5:25,55,29.4315861,106.912251
145,Female,19:21,13,21.0345812,106.3265126
146,Female,4:08,51,38.7188171,-9.4194921
147,Female,2:57,92,-22.7485717,-46.8931368
148,Male,23:50,19,8.1642301,99.6756794
149,Female,6:39,85,-6.8845063,112.256285
150,Female,15:55,95,41.87507,21.87599
151,Male,19:38,55,30.7292723,31.7977797
152,Female,23:10,24,43.7616313,-79.5209994
153,Female,18:02,27,-10.9564306,-76.933337
154,Male,10:51,17,53.66583,91.53639
155,Female,1:55,69,59.811981,17.6188276
156,Female,11:24,81,-12.9018025,15.2458111
157,Female,21:41,49,49.2686175,-122.9364381
158,Male,6:09,97,33.8597337,134.6589917
159,Female,2:11,75,13.6741713,100.608395
160,Female,22:22,39,-6.8264662,106.6400362
161,Female,16:01,25,-29.1556093,-51.1787796
162,Female,14:49,86,36.373345,100.103317
163,Male,21:39,66,-6.2829488,107.0833701
164,Male,10:46,21,35.3085456,25.5207204
165,Male,3:20,79,14.7596318,121.0589081
166,Female,4:47,19,31.52057,34.97442
167,Female,10:59,81,9.4693943,99.9688636
168,Male,0:38,61,16.2426241,101.9348069
169,Male,0:48,67,28.2410098,33.6229813
170,Male,16:34,83,30.02598,111.850777
171,Female,8:14,12,56.8521006,14.8183366
172,Male,16:51,28,32.0631839,-102.0375564
173,Female,17:55,63,34.101082,131.3917159
174,Male,19:31,17,-38.5084312,-72.4541343
175,Male,14:37,94,-32.9576242,-68.7400523
176,Male,17:38,47,-7.5202294,108.8432655
177,Female,2:07,67,40.5630764,45.2368557
178,Female,5:33,93,14.1163511,121.2225723
179,Female,3:07,50,37.28333,21.81667
180,Male,21:03,28,33.323763,117.906025
181,Male,3:16,69,49.039076,2.074954
182,Male,2:48,93,-21.7112092,165.8299327
183,Male,10:55,65,29.4315861,106.912251
184,Female,21:11,73,50.78342,-112.46854
185,Male,19:47,90,45.33697,131.011304
186,Male,8:21,61,45.5734042,-73.7316825
187,Male,14:43,46,-8.5039043,115.0258394
188,Female,6:35,14,29.285314,110.338222
189,Female,7:24,35,11.0616941,125.0161819
190,Female,3:52,66,-9.798194,124.4364621
191,Female,8:11,83,56.0462575,12.730766
192,Male,3:04,30,53.5900195,9.9897946
193,Male,2:22,17,52.6934663,22.0269962
194,Female,10:22,13,-6.7279241,111.3396498
195,Male,7:15,73,35.3372599,139.4046734
196,Female,14:57,98,51.3895069,22.1851171
197,Male,2:17,44,38.0249,22.73294
198,Female,10:59,86,16.3317796,-96.5943562
199,Female,23:15,59,20.0844095,105.3760604
200,Male,1:42,63,-9.8798746,124.6358702
201,Female,17:36,67,14.92653,45.507141
202,Male,6:50,88,33.6328198,35.7819158
203,Female,1:08,28,13.0058731,5.2475518
204,Male,10:12,52,50.8866749,21.2296066
205,Male,15:53,82,49.3389251,17.9938523
206,Male,11:21,100,22.6188131,-83.7066289
207,Female,12:20,66,36.1364291,139.3741999
208,Female,7:33,28,-5.1291727,-67.1894488
209,Male,0:10,91,8.972681,125.408732
210,Male,16:44,98,59.9191279,11.369756
211,Female,9:56,32,41.28168,21.3615
212,Female,14:49,47,35.03566,37.475109
213,Male,4:47,37,5.1677581,-52.6449937
214,Female,22:09,99,28.435584,116.483259
215,Male,13:34,64,60.1128845,22.9535316
216,Female,14:21,41,29.1520649,120.3168231
217,Male,21:45,31,44.275895,123.9674831
218,Male,18:46,80,50.3339731,26.6500845
219,Male,12:57,67,51.5350444,46.0081774
220,Female,19:42,68,-17.4850319,16.3287199
221,Female,9:40,49,54.5017232,17.2685316
222,Female,20:14,58,24.117102,117.613808
223,Female,13:20,41,4.9237913,-52.3205637
224,Female,20:06,93,34.92715,36.12323
225,Female,4:40,17,41.5654743,-8.408069
226,Female,16:46,81,39.266576,77.597552
227,Male,15:35,41,30.820143,106.06886
228,Female,21:27,91,47.9644609,106.8254167
229,Male,15:54,87,39.9346079,119.4508351
230,Female,14:38,84,-7.1194958,-34.8450118
231,Female,4:28,63,5.7866228,-6.5890166
232,Female,0:58,30,43.7212584,21.4436651
233,Female,13:55,61,3.7187884,103.1357512
234,Female,12:51,96,9.915551,-84.031286
235,Female,11:31,33,53.6447228,10.0383761
236,Female,1:47,29,34.4911201,62.6031004
237,Female,0:04,34,40.7247141,-8.5543395
238,Female,9:09,92,-34.6317414,-58.8651373
239,Male,16:25,48,40.73192,72.76177
240,Male,9:13,60,31.364902,108.249509
241,Female,7:03,31,56.673312,22.574388
242,Female,22:03,87,-6.8958354,107.6039392
243,Male,10:20,67,30.453667,114.872199
244,Female,23:41,51,-7.1617465,-78.5127855
245,Female,10:07,47,48.1875683,17.0216706
246,Female,4:41,49,-6.9727564,107.8243267
247,Female,6:42,58,54.0541924,17.5871593
248,Female,19:36,100,50.0384685,22.0969371
249,Male,1:40,47,26.4068381,-80.1058665
250,Male,19:44,69,14.5694485,121.1877062
251,Female,0:20,33,49.8575338,18.1508117
252,Male,10:13,53,-22.5506487,-48.5787728
253,Male,3:52,18,28.246367,109.169053
254,Male,16:28,96,13.9619203,100.5461093
255,Male,6:11,86,40.4581279,49.9843941
256,Male,19:12,27,-3.1456879,-60.257396
257,Male,8:42,40,16.8991985,121.7075195
258,Female,10:17,98,49.553517,25.594767
259,Male,4:21,37,46.9063815,102.7636515
260,Male,12:21,60,-11.1816506,-40.5120603
261,Male,19:07,52,19.2586779,-99.1075731
262,Male,15:55,40,60.0209443,44.9318159
263,Male,4:39,80,6.8072494,29.6788877
264,Male,3:19,51,-8.7067624,121.067907
265,Male,3:59,84,33.92692,116.475691
266,Male,15:40,62,-24.912902,-65.640294
267,Female,22:26,50,36.8277257,22.7760837
268,Female,10:38,44,40.117938,116.424619
269,Female,11:48,72,51.167963,19.4883692
270,Male,2:48,34,17.9894712,103.2894368
271,Female,21:21,53,55.644766,37.752831
272,Female,15:24,41,-12.7732,-38.7891606
273,Female,7:54,15,26.3358903,127.875104
274,Male,13:37,58,25.710538,116.754472
275,Male,11:48,56,-7.8169756,111.9790773
276,Female,9:21,57,54.5941065,17.8604786
277,Male,16:12,28,-6.6327752,106.2110311
278,Male,23:29,49,-7.1691828,108.0050384
279,Male,3:11,36,46.2519995,30.4372882
280,Male,13:11,70,-14.6554285,28.0888578
281,Female,21:25,85,14.8744012,120.8130073
282,Female,12:44,31,44.165829,-77.3956004
283,Female,7:21,87,-6.5978669,106.635025
284,Female,5:43,57,49.89042,18.2400902
285,Male,16:36,58,36.854929,114.503339
286,Male,3:54,61,34.15599,64.78566
287,Female,22:15,38,-6.5397069,110.8463512
288,Female,19:53,65,30.289195,110.224358
289,Female,20:47,45,29.866917,118.403786
290,Male,3:52,89,48.1173081,38.1648822
291,Female,12:26,88,12.6679167,123.9881642
292,Female,2:55,87,57.9901314,56.2090194
293,Female,3:44,81,-34.6636109,-56.2230875
294,Female,19:17,15,5.0308931,25.1325897
295,Female,6:09,45,29.229569,107.186194
296,Male,14:14,91,9.9399061,-65.1610557
297,Female,9:19,62,13.789644,100.5199643
298,Male,2:43,58,29.8626871,71.3099509
299,Male,14:21,15,2.3629945,34.2421597
300,Female,16:42,40,47.3591366,2.8002946
301,Male,22:58,43,40.0395689,65.9690392
302,Male,21:20,62,43.2916776,-0.3696612
303,Female,6:50,91,16.7909044,-62.2106241
304,Female,7:22,34,22.9856091,-80.5855038
305,Male,23:04,85,49.7127158,13.2046047
306,Female,1:27,78,31.685608,35.120362
307,Male,12:31,91,-8.7446943,118.6702302
308,Female,12:20,45,49.6498731,17.3224082
309,Male,23:10,76,8.3520574,124.6503061
310,Male,8:32,85,47.7008606,106.9577199
311,Female,23:12,23,3.9356389,41.8551162
312,Male,16:28,41,23.7247599,108.8076195
313,Male,5:13,46,49.689425,21.9126813
314,Male,4:51,39,14.4290353,121.0360943
315,Female,9:27,70,3.1523104,101.7178316
316,Male,21:28,22,52.3738284,4.8886159
317,Male,16:43,47,28.452686,110.393844
318,Male,3:16,97,41.7806536,47.5943485
319,Female,22:14,75,35.62231,10.75696
320,Female,16:52,80,-21.9111483,-56.4719928
321,Male,2:07,51,24.31049,116.116695
322,Female,2:12,100,-9.0166555,-77.8724575
323,Female,9:19,72,38.0222208,23.7851957
324,Male,20:24,93,34.393136,115.865746
325,Male,0:55,60,14.7121689,-88.0876336
326,Female,2:37,37,48.749354,2.480322
327,Male,17:57,45,40.9515138,-8.5904113
328,Female,17:13,81,47.6479788,36.164764
329,Male,17:55,12,32.48998,35.40163
330,Female,20:04,35,44.0970463,21.4322091
331,Female,5:43,90,29.8655146,121.4589773
332,Male,4:40,77,39.1441,117.158719
333,Female,6:53,99,23.421724,117.023373
334,Female,3:59,22,36.0699425,136.2452307
335,Female,4:30,55,6.61476,8.0410634
336,Male,14:02,76,-34.6891726,-58.4714156
337,Male,9:41,97,37.1562778,24.4886232
338,Female,3:52,65,-11.3535985,40.3522402
339,Male,21:27,100,-32.9150009,-65.3749466
340,Female,4:11,94,42.0438495,19.5731734
341,Female,4:20,37,49.4660029,1.0736574
342,Female,4:26,92,37.78,-122.42
343,Female,15:38,70,-8.3765619,115.1918802
344,Male,17:16,17,-29.7516119,-50.013964
345,Female,17:29,54,40.666059,109.873117
346,Male,3:27,20,15.7832452,121.0086436
347,Female,21:20,81,37.1764814,-8.201073
348,Male,11:03,62,36.065787,139.5560067
349,Male,17:08,50,41.5318938,-8.6939907
350,Male,12:57,71,60.6304039,16.76232
351,Male,22:43,85,53.0319419,18.9576575
352,Female,22:21,69,-7.3990333,108.1636206
353,Female,16:58,51,9.338682,123.291063
354,Male,21:52,14,49.6106567,18.735973
355,Female,19:40,55,13.5213331,120.9787095
356,Female,4:24,31,63.8294111,15.3600636
357,Male,11:05,81,52.6630895,38.4290322
358,Male,0:51,28,32.124929,35.309237
359,Female,17:53,68,15.97431,43.46381
360,Female,3:15,71,48.7764948,17.0214389
361,Female,6:09,73,22.521523,114.055023
362,Male,16:08,92,58.6073483,14.0368868
363,Female,5:58,41,-20.6984299,-44.8256777
364,Male,21:18,65,41.0734417,-8.6358837
365,Female,14:07,30,38.9079399,-77.0717165
366,Male,23:20,20,45.159309,14.5440221
367,Female,10:21,77,14.8431264,120.8685583
368,Female,1:29,26,57.7314074,12.0595845
369,Female,12:03,76,24.44218,114.938684
370,Male,7:32,24,-6.5823,105.8508
371,Male,14:47,50,38.0565317,140.1011565
372,Female,14:02,77,50.4011293,22.904714
373,Female,10:59,17,-8.3765619,115.1918802
374,Female,18:25,48,-7.9419581,113.9506727
375,Female,21:52,22,34.746611,113.625328
376,Female,10:26,33,-11.7806236,-75.4869033
377,Female,18:24,50,26.0696179,50.5006231
378,Female,13:54,19,4.88917,-75.870743
379,Male,3:21,24,31.068734,119.569305
380,Male,7:05,69,14.5697565,121.0247172
381,Male,21:23,17,43.2916776,-0.3696612
382,Male,18:45,46,22.358416,114.128354
383,Male,16:16,34,35.0150933,33.7405967
384,Male,2:18,61,-33.0095283,-71.2595888
385,Male,6:58,38,5.695633,-76.649812
386,Male,7:46,71,-23.5893189,-46.0107997
387,Male,9:45,78,36.8517527,138.3628039
388,Female,13:50,83,4.6101062,114.3311718
389,Female,2:49,69,45.0244716,20.056916
390,Female,8:44,100,59.2426907,17.8471065
391,Male,8:43,99,52.7440595,21.1228461
392,Male,12:26,94,9.2207,122.9053
393,Male,12:40,25,41.764145,123.465921
394,Male,8:25,49,8.9420217,-69.4620671
395,Female,12:42,81,52.8566588,15.677579
396,Female,21:42,60,-10.789321,-65.3301049
397,Female,18:48,53,-7.2119433,108.1591732
398,Male,10:07,24,-8.4629286,118.7591541
399,Female,5:41,83,38.9,-77.04
400,Female,11:23,33,30.921396,112.444197
401,Female,7:13,75,32.9886195,47.4245319
402,Male,15:59,47,-6.9401945,106.9247932
403,Male,0:33,66,60.79832,10.705945
404,Male,15:47,23,-13.9535913,-71.7608251
405,Female,6:21,70,13.78333,-14.93333
406,Female,20:12,22,39.3704516,22.9827384
407,Female,12:19,21,-11.7088712,-40.5940565
408,Male,19:48,15,40.1872593,-7.5618071
409,Male,14:09,72,34.1926332,131.9199103
410,Male,11:41,77,14.6074523,121.1136216
411,Female,11:05,88,49.642816,21.660458
412,Male,8:26,28,33.765469,113.994752
413,Male,5:25,33,8.7814708,167.7373396
414,Male,16:01,91,-8.6573819,121.0793705
415,Male,1:02,98,35.23375,115.480656
416,Female,11:23,84,27.9937685,120.6784858
417,Male,19:00,55,-33.745727,-61.961036
418,Female,0:50,50,50.6283477,18.7971435
419,Female,11:57,36,-28.2963334,-52.793776
420,Female,18:00,42,37.4092357,57.9276184
421,Female,0:20,49,39.1002506,23.0771373
422,Female,13:52,16,33.9042954,73.3907315
423,Female,16:07,35,-20.9304923,55.5243352
424,Female,16:58,38,34.0624686,51.4782228
425,Male,14:24,31,15.1751306,99.7509296
426,Female,5:34,53,21.6071636,105.1492869
427,Female,8:54,14,51.5534631,39.0929181
428,Female,7:55,86,53.5834008,-6.1349155
429,Male,16:15,40,16.1535575,-13.5032081
430,Male,20:23,45,59.5194054,15.9767049
431,Male,23:32,63,53.1458749,20.8157058
432,Female,18:57,67,58.0275087,15.0052213
433,Male,7:55,95,-11.5886713,43.277533
434,Male,12:50,73,40.505361,80.461556
435,Female,7:41,56,14.5427102,-91.4587127
436,Male,7:59,81,50.0901553,14.5640162
437,Female,2:59,47,-7.5347018,109.0274877
438,Male,0:27,27,39.042852,117.318781
439,Male,5:47,67,27.087637,114.964696
440,Male,12:55,27,48.9446931,91.1606763
441,Male,20:33,37,16.6053508,-15.348246
442,Male,4:33,17,44.18333,15.65
443,Female,5:04,34,51.56696,15.53798
444,Male,23:52,59,49.72276,18.76207
445,Female,13:15,93,50.0665053,15.8527032
446,Female,22:44,72,-9.9104,120.4871
447,Female,10:08,32,13.09573,103.2022055
448,Female,8:44,14,-32.0974476,23.0101345
449,Female,11:44,82,41.027698,26.2935333
450,Male,10:37,13,38.7908786,-9.1194989
451,Female,1:55,15,-3.6846513,13.3500652
452,Female,3:37,54,20.36667,-75.01667
453,Male,7:24,70,-8.5309777,-37.1239897
454,Female,4:43,31,-38.6677187,-72.2244406
455,Male,6:55,40,39.982718,117.078294
456,Male,13:42,55,64.5180595,-21.8898511
457,Female,16:33,30,6.919884,122.0616469
458,Male,20:30,57,-6.9633557,107.667407
459,Female,7:06,86,45.632343,5.112589
460,Female,6:03,62,41.664757,123.344062
461,Male,12:18,39,-17.0806813,-40.9387356
462,Male,4:33,47,14.7668705,-91.1779176
463,Male,10:15,64,61.3220623,16.3984929
464,Female,4:06,24,48.63333,106.73333
465,Male,22:44,13,56.0463429,12.7045118
466,Female,18:04,50,-7.6569277,107.7073688
467,Male,19:23,10,14.5338735,121.0220037
468,Male,14:17,37,5.7055314,6.8083063
469,Male,12:30,32,62.587277,40.61071
470,Male,7:03,90,23.70475,114.849821
471,Male,22:03,58,49.6603908,18.4922736
472,Female,23:14,39,-6.6549447,111.1160864
473,Male,22:54,10,-1.9367459,-50.8198737
474,Female,22:52,66,5.255906,-75.1538939
475,Male,11:30,58,28.074649,119.141473
476,Male,6:20,38,10.6503878,-5.1692752
477,Male,9:53,38,-6.3991308,106.7411559
478,Female,19:25,69,-4.270039,-81.2133262
479,Male,17:03,70,52.293402,86.185124
480,Female,16:53,91,41.4030479,-8.2430192
481,Male,6:02,58,26.741856,-11.6783671
482,Female,14:14,44,48.3583839,25.3449259
483,Male,22:52,89,13.490046,120.960159
484,Female,3:17,51,10.4492758,-84.2725621
485,Female,20:19,65,14.5508865,121.0075554
486,Female,7:39,99,-37.0833,-72.5667
487,Female,14:38,96,43.8098167,18.5653991
488,Male,6:59,87,6.0343516,124.5217429
489,Female,15:32,50,38.1553558,140.2706039
490,Female,2:57,39,32.7526842,-97.3264658
491,Female,9:39,73,14.7258963,121.0226751
492,Female,6:08,33,-8.196,124.5015
493,Male,8:53,81,-7.3966297,111.5498112
494,Male,13:15,27,60.3068052,15.3893305
495,Male,5:51,45,52.339987,20.3286222
496,Male,17:41,62,30.962471,110.615261
497,Male,12:55,71,-34.4765431,-58.7226377
498,Female,15:37,93,51.7204294,94.442401
499,Male,2:44,47,52.644,25.2027
500,Female,14:11,24,28.65664,108.504872
501,Female,19:16,92,43.8427177,43.6387314
502,Male,11:09,98,51.897904,4.473358
503,Male,18:30,85,9.1118027,99.2065202
504,Female,6:12,83,-8.2104974,114.9671388
505,Male,10:15,20,52.0130334,15.4233905
506,Male,21:18,37,52.1028471,21.0281495
507,Female,2:20,18,65.6136813,22.1762379
508,Female,18:37,58,-6.8083456,105.6735131
509,Male,2:32,14,60.684976,17.153166
510,Male,10:44,66,38.7409837,-9.3605586
511,Female,3:09,36,55.8210459,38.0849522
512,Female,20:23,36,51.0376583,-113.3992725
513,Female,17:52,27,-20.9304923,55.5243352
514,Male,8:56,37,44.2288747,22.5310674
515,Female,19:01,94,2.394682,98.4403573
516,Male,5:42,64,41.1617715,-8.035514
517,Female,9:55,51,13.17535,44.27461
518,Male,0:32,49,24.808198,118.03177
519,Male,19:12,83,57.7166133,11.9015778
520,Female,18:56,30,-8.6743207,116.1093533
521,Male,19:13,45,25.87886,119.545653
522,Male,7:24,81,15.3252049,120.6560014
523,Male,21:03,54,31.209571,107.468023
524,Male,8:20,63,52.1814619,32.583994
525,Male,5:18,58,-7.740099,-40.2884386
526,Female,5:20,42,-12.72924,-76.467087
527,Male,8:42,97,-21.2105191,-65.2103256
528,Male,19:41,77,13.9791936,121.7983634
529,Female,9:45,16,-8.4727553,115.1859517
530,Female,11:12,19,14.3586387,120.9332234
531,Female,18:45,39,14.0206423,123.2983232
532,Male,4:43,10,-1.8053216,138.4687311
533,Female,12:56,26,28.572029,109.482078
534,Male,14:30,80,36.889084,120.51769
535,Female,18:49,97,13.3198572,-87.1622344
536,Male,1:02,10,-6.9828037,109.5568089
537,Male,11:38,89,7.2149367,124.2404727
538,Female,3:00,26,39.873363,-4.0414005
539,Female,23:34,36,-20.1337772,-67.4891345
540,Male,7:08,40,44.4466286,18.6510559
541,Female,21:42,79,19.371561,110.104886
542,Male,15:56,22,-7.6162571,109.5285442
543,Female,23:04,37,42.83528,22.65167
544,Male,14:22,35,49.5562052,6.2862731
545,Female,8:48,47,-20.5898891,-47.8586651
546,Male,0:58,29,-26.0396759,27.8452537
547,Male,3:29,54,-0.0998238,34.2747004
548,Male,9:02,85,-8.1061859,112.6407229
549,Male,9:57,41,15.3098074,120.8551691
550,Female,21:44,26,7.4576765,-2.5842062
551,Male,12:24,82,59.9173309,10.8180311
552,Female,8:03,22,-6.939897,106.9506175
553,Female,6:58,65,39.0820946,26.3724138
554,Female,8:36,94,14.3160322,121.0671937
555,Male,21:18,79,32.224808,110.228747
556,Female,14:28,23,16.2123852,100.4198876
557,Female,20:28,62,9.2828806,-83.540208
558,Male,16:47,47,39.3547141,67.8569785
559,Male,22:14,74,41.4009304,-8.335096
560,Male,20:12,78,55.6686,37.5470072
561,Male,23:34,90,-10.7194641,-62.2542716
562,Male,21:31,72,33.200333,120.50085
563,Male,20:11,93,14.5644981,121.0309439
564,Male,14:52,42,-8.2666267,115.054678
565,Female,23:10,75,2.01643,10.47066
566,Female,10:51,77,15.4321163,-87.9040571
567,Male,15:49,39,11.6578757,122.3054783
568,Female,11:04,76,14.955476,120.8868617
569,Male,0:58,55,6.4946003,124.1086807
570,Female,8:52,75,8.909013,-75.9579358
571,Female,12:26,90,30.5211502,112.8915932
572,Female,11:59,86,41.139883,22.5397872
573,Male,7:14,34,55.709063,84.4188807
574,Male,0:55,30,49.8127669,84.312982
575,Female,11:38,15,10.4853153,5.1458131
576,Male,13:05,96,-6.907,114.0174
577,Male,12:16,61,38.8062871,139.9346659
578,Female,15:06,37,22.3121914,90.7218441
579,Female,22:25,35,-33.3672731,-60.1976374
580,Male,12:19,57,-33.3106292,26.5255946
581,Female,8:38,44,59.9287227,10.883269
582,Female,5:17,37,45.6232258,63.3139829
583,Female,20:45,38,-10.1628,123.5781
584,Male,11:41,41,38.520089,102.188043
585,Male,9:12,87,59.9251831,10.8203114
586,Male,12:01,77,55.5792489,37.604585
587,Female,1:29,26,32.768821,120.679703
588,Female,11:15,20,32.070084,35.29528
589,Male,20:28,80,-9.0166555,-77.8724575
590,Male,7:41,23,49.4841887,17.3382537
591,Male,5:08,90,32.830953,110.873513
592,Female,23:37,34,15.8278,120.4946766
593,Female,12:06,80,1.4081109,-77.391527
594,Male,4:40,53,47.63319,-52.94806
595,Male,1:31,35,28.165293,121.35142
596,Male,6:25,28,3.01228,-76.484533
597,Male,2:34,64,9.0965232,123.1989242
598,Male,20:11,51,8.3141383,124.8551784
599,Female,12:42,68,27.3183333,100.1
600,Male,11:58,58,-2.609012,112.403397
601,Male,13:23,65,30.687368,104.063249
602,Female,22:56,94,45.621716,122.851029
603,Female,2:58,36,-2.0076624,34.3434119
604,Male,7:19,28,-22.573223,-47.1731269
605,Male,6:02,94,43.5039342,16.5237792
606,Female,22:50,47,14.5570389,121.017148
607,Male,22:43,10,45.2710602,18.9948258
608,Female,11:31,86,40.7753311,-73.8726184
609,Male,1:52,23,-18.6517964,-48.1904503
610,Male,19:09,68,39.825495,116.288478
611,Male,23:27,10,44.9790183,-93.1855735
612,Female,2:27,97,44.6658941,20.9335169
613,Male,21:40,25,22.829287,107.200654
614,Male,8:01,65,-28.2446355,-48.6764133
615,Male,16:10,11,57.414834,56.969379
616,Male,13:25,70,38.119756,23.8661305
617,Female,13:34,25,57.14667,33.10753
618,Female,13:50,39,48.878715,17.2335614
619,Female,9:54,99,49.3320487,15.6123444
620,Male,17:18,96,63.8223321,20.2753893
621,Female,11:50,88,-6.3783847,-41.8004409
622,Male,1:42,97,14.6052661,121.1206771
623,Female,11:52,28,6.1244023,100.3674801
624,Female,6:48,29,61.1699194,33.0828972
625,Female,19:33,17,40.22,-74.74
626,Female,21:21,45,1.6562817,-77.1788048
627,Male,2:44,80,46.8619132,42.1175494
628,Female,2:52,59,15.79903,120.4542479
629,Female,12:50,20,45.6834469,-73.4248393
630,Male,10:44,32,6.0343516,124.5217429
631,Male,11:55,45,-6.9796136,110.4269535
632,Female,2:44,68,-7.3145841,112.7576691
633,Male,2:48,88,30.387552,120.174895
634,Male,18:00,21,-10.7072554,22.22946
635,Male,0:28,11,-37.0680421,-12.3113147
636,Female,3:02,35,47.173426,125.9063009
637,Male,5:42,53,-38.9156735,-67.9800178
638,Male,17:49,74,48.081286,20.7644305
639,Male,7:53,49,37.646108,120.477813
640,Male,18:49,73,58.6842321,15.7861546
641,Male,20:48,56,12.13372,6.825526
642,Male,21:24,67,8.3796569,123.4261608
643,Female,14:27,58,45.674028,38.856404
644,Male,1:16,44,49.7529886,21.9739202
645,Male,19:03,44,34.727798,109.264659
646,Male,19:30,14,39.3072275,-9.2859032
647,Male,13:27,24,42.6586378,18.1013637
648,Male,2:24,29,19.8488549,-71.6514216
649,Male,5:27,75,9.2727457,-65.7698663
650,Male,21:17,49,42.88,-78.83
651,Female,18:11,22,55.2474741,24.7743055
652,Male,7:52,69,8.5328493,124.5621837
653,Male,9:48,79,-7.4782808,-69.8597406
654,Male,7:02,11,9.7532927,124.2968273
655,Female,23:45,89,32.101031,114.125656
656,Male,6:37,50,47.35,103.4166669
657,Female,12:32,89,47.785421,-3.2602564
658,Female,13:36,76,40.862786,-8.4731932
659,Female,20:22,89,-22.570834,-47.4147321
660,Female,14:43,90,28.043337,117.043407
661,Male,3:07,52,45.5080397,-73.564543
662,Female,17:23,50,36.6493964,139.8816085
663,Female,16:57,98,38.7157106,-9.3069187
664,Female,3:04,57,-21.9896473,-47.4220818
665,Male,18:18,55,-7.7090989,109.6922026
666,Female,11:40,73,52.24396,19.6259601
667,Female,4:36,32,32.19828,119.47016
668,Female,11:56,54,56.864192,60.6396711
669,Male,5:53,68,11.6794479,-84.7015108
670,Female,8:53,41,-6.148922,106.191761
671,Male,23:45,46,47.0203207,-68.1435046
672,Female,6:12,69,-3.4892191,114.8804853
673,Female,6:28,14,23.353501,116.078631
674,Male,2:57,54,44.8158674,20.4734419
675,Female,13:54,39,0.3407154,127.8300034
676,Female,21:49,76,28.922003,110.898783
677,Male,2:41,90,-2.8385304,32.4212424
678,Female,18:39,53,50.0957911,16.984906
679,Female,19:24,50,34.477861,110.084789
680,Female,11:25,33,30.108216,104.677091
681,Female,0:33,98,39.8647755,-8.9052753
682,Male,10:46,27,49.6306384,6.0346235
683,Female,3:50,56,54.8,24.45
684,Female,7:52,86,14.5769063,120.9959319
685,Female,10:13,88,42.9598744,-81.2353612
686,Male,14:00,30,50.0072402,18.4458999
687,Male,9:00,99,41.4655177,-8.577596
688,Female,12:57,81,51.5144022,21.1235461
689,Female,5:19,57,34.0740905,70.2884528
690,Female,18:57,73,14.1005099,-1.6226538
691,Female,13:55,93,60.008624,30.412653
692,Female,0:32,64,22.517585,113.39277
693,Male,9:36,72,-6.8435796,106.8296372
694,Female,23:10,25,24.1838881,120.617471
695,Male,1:59,72,55.6751524,12.5742882
696,Male,12:19,90,39.822507,109.963338
697,Female,12:42,57,59.3409629,18.0669843
698,Female,2:53,35,14.3758164,121.0390378
699,Male,5:20,69,65.8255044,21.6501051
700,Male,0:55,85,13.8135951,100.4227992
701,Female,6:09,59,41.3888512,-8.4334674
702,Male,13:43,56,-6.3503773,106.8974964
703,Female,14:47,78,29.510961,106.658065
704,Female,19:41,62,54.4691259,38.7201031
705,Female,2:02,76,-12.5465375,-38.7110678
706,Female,11:59,98,18.278467,100.179649
707,Female,2:09,76,45.6518526,16.5355901
708,Female,19:32,47,36.650038,101.766228
709,Female,0:55,14,55.8884553,21.2431408
710,Female,3:12,62,36.3384589,25.4333251
711,Male,8:23,77,23.945891,104.412274
712,Female,11:22,89,48.6299901,24.472416
713,Female,17:18,51,-17.8119748,-50.5981252
714,Male,8:47,87,37.7525244,139.1650556
715,Male,7:30,73,57.4572354,40.5773582
716,Female,10:54,30,36.0941745,28.0162191
717,Male,2:06,75,15.0634836,-88.2290783
718,Female,12:47,82,-13.7947125,-70.4719705
719,Male,22:18,32,38.6640687,-8.9161487
720,Male,12:05,53,41.4592281,-8.1841929
721,Female,10:36,38,32.08543,35.33005
722,Female,18:31,65,38.4507739,140.3089223
723,Female,14:26,70,28.008237,114.033247
724,Female,3:48,69,58.9108802,17.9314968
725,Male,3:40,46,57.7193113,55.3891197
726,Female,14:51,70,7.7019624,124.7496736
727,Male,3:20,53,55.7133263,37.8049211
728,Female,13:52,89,39.609109,2.6362975
729,Female,13:04,16,29.919421,121.085794
730,Male,2:00,37,22.2795961,-80.5716199
731,Male,3:11,96,27.948308,109.599191
732,Female,10:45,27,-17.0806813,-40.9387356
733,Male,19:34,59,-7.7607338,112.1698476
734,Female,20:31,18,24.066095,108.664778
735,Female,18:26,62,38.8,-77.05
736,Female,8:26,45,-8.0030419,114.3103718
737,Female,17:43,23,28.533752,100.270651
738,Male,17:15,44,41.3400747,21.5500203
739,Female,19:23,80,-32.9578112,-60.6682209
740,Male,17:52,84,20.7887571,97.0337141
741,Female,5:55,49,55.6558059,37.4793238
742,Male,9:11,64,23.2410273,-106.3949498
743,Female,17:07,81,7.1774408,124.5350175
744,Female,16:51,36,31.77,-106.43
745,Male,2:45,64,-8.0580651,-79.0552494
746,Female,16:51,35,30.292001,71.6657348
747,Male,20:37,92,-31.4753699,-64.2123183
748,Male,9:16,100,44.5159761,21.7315817
749,Female,3:09,52,53.2001742,14.7571949
750,Male,15:10,91,-7.0240255,-76.1327924
751,Female,1:24,32,-6.8447302,108.2427764
752,Female,17:05,74,4.6101062,114.3311718
753,Male,21:38,84,33.720769,115.000183
754,Female,5:14,97,30.169665,121.266579
755,Male,6:59,81,25.8333333,123.5833333
756,Male,10:46,67,37.093946,110.593127
757,Male,6:08,83,57.9330635,45.1806143
758,Male,9:25,61,33.92692,116.475691
759,Male,14:20,14,5.07028,119.89694
760,Male,3:05,98,50.8269051,5.7198625
761,Male,12:49,40,43.2588087,45.4197638
762,Male,10:59,90,36.548365,101.978369
763,Female,15:44,28,48.2046068,33.0697214
764,Female,19:42,94,35.9227705,139.7492367
765,Male,12:05,24,31.070643,113.943274
766,Male,22:42,96,25.575165,111.824739
767,Female,23:07,82,-6.9136675,107.6200524
768,Male,6:10,50,45.697904,0.964671
769,Male,1:58,14,37.4412077,139.8800727
770,Female,7:48,21,4.9497479,-75.958017
771,Female,17:25,46,14.7741387,99.8571416
772,Female,7:33,36,11.3460734,9.6591939
773,Male,12:59,34,25.095277,116.100342
774,Male,16:10,87,55.7368049,37.8286538
775,Male,11:28,28,29.6516537,31.3159513
776,Male,7:43,20,8.4286368,124.2876362
777,Female,8:51,67,32.751027,36.301039
778,Female,6:59,55,13.3587946,121.1711629
779,Male,7:10,54,-11.2750411,-37.7879303
780,Female,6:38,82,30.909922,115.943284
781,Male,7:15,59,7.1064967,124.828232
782,Female,13:06,29,60.3560649,5.3446343
783,Female,4:19,63,-40.7632504,-71.638725
784,Female,15:39,33,21.9588282,96.0891032
785,Male,18:42,58,30.6543991,117.5002172
786,Female,10:43,78,-33.863927,151.201887
787,Female,5:11,71,-7.6832323,110.670528
788,Male,6:58,50,40.215006,70.5696268
789,Female,15:57,70,-20.8420055,-40.7357215
790,Female,19:50,51,43.1118267,17.7054838
791,Male,5:39,74,34.2412845,108.9652643
792,Female,22:17,20,57.6413494,18.546063
793,Female,0:03,71,52.4530993,14.8755999
794,Female,16:33,63,-8.314,123.252
795,Male,11:03,45,9.9785656,-63.2194183
796,Female,13:02,12,-6.5801079,-76.2609463
797,Female,4:49,92,16.4826614,-85.8793252
798,Female,13:57,27,21.2045417,72.839054
799,Female,4:52,94,45.437603,121.094913
800,Female,17:44,60,13.9300945,120.9522977
801,Male,13:23,26,20.3609414,106.5584071
802,Female,4:55,90,-8.3081,113.4586
803,Female,15:58,82,40.2649385,44.6549599
804,Female,14:38,15,41.4981839,-8.3569915
805,Male,15:44,33,11.5471456,4.9656113
806,Female,2:53,95,33.78529,63.24735
807,Female,4:26,47,43.6410973,51.1985113
808,Female,14:32,16,41.307852,-8.3648654
809,Male,18:28,44,60.134938,15.3993708
810,Female,2:39,61,37.1017088,70.5552362
811,Female,16:29,40,21.077764,102.5097274
812,Male,22:08,32,30.172782,111.0765
813,Female,18:13,99,-8.1468836,-78.1721189
814,Male,1:47,89,-6.1989828,106.5996595
815,Male,19:19,23,49.617087,19.353513
816,Female,22:27,51,22.273048,109.975985
817,Male,8:35,51,50.1544063,15.4602634
818,Male,11:14,12,22.405325,107.353437
819,Female,22:44,92,37.031485,118.254644
820,Male,17:30,51,16.8564272,120.7963702
821,Male,4:39,97,37.3100775,-5.9647536
822,Female,23:07,36,29.289085,111.189296
823,Female,3:53,99,13.7341,123.269
824,Male,14:31,48,11.5610083,8.581717
825,Male,22:07,91,14.5458392,121.0044883
826,Female,5:16,17,22.825834,115.003687
827,Male,18:45,78,41.28802,112.627673
828,Female,7:06,13,14.6329018,-90.9259787
829,Female,14:44,27,34.0683214,72.6206912
830,Male,6:49,81,10.6253016,103.5233963
831,Male,19:49,15,49.8247883,30.4053369
832,Female,7:20,19,-7.7766561,112.1579249
833,Male,6:12,57,49.8391504,19.1930625
834,Female,15:57,63,12.0554892,99.855247
835,Male,5:09,63,35.0801925,-2.9475662
836,Male,9:24,78,51.1644956,18.2903712
837,Male,0:58,29,11.7874103,-86.5141817
838,Male,10:27,91,59.3409179,18.0754478
839,Male,2:01,81,14.7324844,100.2824483
840,Male,14:05,28,31.306136,120.6240412
841,Female,5:16,78,41.270347,123.174325
842,Male,8:37,85,49.2515468,17.514286
843,Male,20:56,61,47.23123,98.5714
844,Female,20:05,14,25.112046,99.161761
845,Male,6:18,74,41.3643024,48.5260928
846,Male,8:16,37,57.1887898,14.0089418
847,Female,7:34,77,-6.9569,106.428
848,Male,18:41,12,27.1259886,61.6713386
849,Male,15:48,13,30.939169,100.311368
850,Female,9:47,78,34.949137,104.470279
851,Female,15:39,40,20.6574573,-74.9501034
852,Male,8:11,44,39.0862753,-28.0156811
853,Male,2:38,69,31.221597,121.409352
854,Female,4:53,94,-22.0857976,-70.1930064
855,Female,11:22,16,36.3276673,138.8951009
856,Female,14:40,29,11.3451287,-72.3628361
857,Female,12:18,62,-40.5761897,-73.1149469
858,Female,3:44,99,40.927135,-8.5178319
859,Female,22:16,13,49.0996492,17.5496163
860,Female,6:20,90,38.5994652,-8.4602494
861,Female,22:33,14,43.32807,132.08832
862,Female,22:39,64,48.1933831,13.1657762
863,Female,22:21,86,59.3319489,18.0221451
864,Male,0:29,31,41.3216465,-8.4628586
865,Male,21:35,99,39.5558392,2.5941239
866,Male,6:26,68,29.5945152,70.6008375
867,Male,8:02,30,39.68,-75.75
868,Female,21:25,53,36.9351637,139.9854087
869,Male,22:00,64,52.1327312,18.2293232
870,Male,10:03,81,30.402167,112.899762
871,Male,0:19,92,-6.3874037,106.8620891
872,Male,15:07,61,29.1416432,119.7889248
873,Male,10:06,91,19.4849192,-72.483507
874,Female,10:10,16,39.8768811,-8.9140418
875,Female,11:59,89,-16.4544375,-71.4655565
876,Male,17:00,82,7.5617699,125.6532848
877,Male,16:18,82,9.9165452,-84.1014639
878,Female,10:06,55,-6.6022253,106.199266
879,Female,20:56,65,27.283955,105.291643
880,Female,13:44,89,14.2445365,-16.2728091
881,Male,2:45,77,18.278467,100.179649
882,Female,23:40,52,30.224367,121.167368
883,Female,6:30,23,15.78722,-91.095
884,Male,4:11,60,32.707997,110.341615
885,Male,18:10,69,52.5093,52.0675
886,Male,1:11,19,44.255137,5.262028
887,Female,19:13,35,13.39028,43.96833
888,Male,13:46,19,-6.3761027,106.5849256
889,Male,5:38,93,16.5564748,103.2432632
890,Female,19:05,58,32.943109,35.343616
891,Male,13:37,62,10.9991938,122.6717828
892,Male,4:33,66,14.6710601,102.026135
893,Male,19:06,72,17.1238845,-61.8233706
894,Female,14:10,45,13.91581,44.32414
895,Female,4:59,42,51.3639165,46.0293715
896,Male,4:29,22,-13.2830688,-176.1783832
897,Male,10:47,31,-14.226324,-46.4393054
898,Female,22:43,15,-2.9863926,101.5134398
899,Male,1:53,91,14.5008343,121.0485932
900,Female,18:57,39,40.4869744,-3.6116494
901,Female,15:58,11,36.599744,101.803717
902,Female,17:40,26,48.9172739,31.719254
903,Female,4:26,11,48.5308416,1.4534246
904,Male,9:09,38,40.4776836,45.0525325
905,Female,8:55,71,15.78722,-91.095
906,Male,16:09,21,-7.1701665,108.3296983
907,Female,8:23,40,46.013979,83.663731
908,Female,9:08,32,-10.6670645,-37.9148742
909,Male,23:01,53,30.948905,108.574058
910,Female,12:23,46,49.9899828,18.6926323
911,Female,18:50,15,32.50171,35.16621
912,Male,11:52,41,41.516494,127.464602
913,Male,18:10,93,11.446769,125.491172
914,Male,7:13,56,-7.6377266,110.2722262
915,Male,14:52,16,35.416734,119.526925
916,Female,23:13,70,17.4086426,102.7729369
917,Male,11:43,88,25.386379,114.922922
918,Female,9:40,36,24.1838881,120.617471
919,Male,4:34,78,58.7075528,14.1266322
920,Female,23:20,61,55.9100899,37.4008401
921,Male,1:05,12,45.4693392,-73.4848038
922,Female,23:43,87,51.1018522,47.3045126
923,Female,11:05,59,15.3549925,-91.458364
924,Female,15:39,22,12.309606,121.92404
925,Female,22:59,18,38.1283,46.678551
926,Female,12:12,46,29.731101,116.251947
927,Female,8:44,83,34.782718,105.656922
928,Female,8:40,93,50.8177069,15.7230035
929,Male,8:43,33,31.074215,121.549557
930,Female,2:08,64,43.6753017,45.1243099
931,Female,6:40,46,14.91441,120.894496
932,Male,9:02,47,25.7829542,88.8982666
933,Female,16:20,76,45.0577954,34.605095
934,Female,9:15,81,22.9627499,90.1838976
935,Female,17:07,51,50.7917257,21.2322042
936,Female,8:39,97,48.3114598,40.2585579
937,Male,3:43,15,11.7913106,42.8796227
938,Female,1:26,77,9.3730352,122.7631154
939,Male,16:03,93,49.0511571,4.0911917
940,Male,11:49,41,34.509325,119.751715
941,Female,20:52,42,29.299853,108.777742
942,Male,23:37,41,-22.2592565,-50.9706116
943,Female,8:43,84,32.90871,35.63198
944,Female,16:22,13,14.6208802,121.0425592
945,Female,22:24,27,18.3267954,-77.0075055
946,Male,20:01,99,29.2604745,80.9318332
947,Female,3:33,52,52.08234,5.1175293
948,Female,16:20,56,-34.7486079,-56.2338461
949,Male,3:58,38,47.9318074,5.2893597
950,Female,15:01,68,40.1479131,44.4316784
951,Female,7:41,78,49.3909134,30.1988199
952,Male,4:01,76,14.628828,121.1217909
953,Male,14:04,88,-19.0098182,47.1800893
954,Female,22:46,47,56.0017,55.928
955,Female,3:00,11,36.933812,116.638327
956,Male,14:08,24,41.1768699,61.402695
957,Female,16:52,100,-7.869171,110.1236245
958,Male,8:28,30,36.595457,53.2099707
959,Female,17:59,85,52.8669497,24.8920219
960,Male,22:19,54,45.506995,124.292626
961,Male,19:08,27,42.25785,118.886931
962,Male,20:43,50,-20.6869406,-41.4812771
963,Female,4:08,98,38.1162631,140.8585745
964,Female,4:35,55,43.0429124,1.9038837
965,Female,22:28,57,-0.0998238,34.2747004
966,Female,19:30,77,50.7036309,18.995304
967,Female,16:16,73,27.487021,110.894824
968,Female,14:09,73,59.362551,18.0343914
969,Female,18:00,23,31.2802667,34.2401914
970,Female,19:26,14,-20.5503886,-47.3951378
971,Female,9:58,43,-6.939897,106.9506175
972,Male,18:42,54,48.9200144,17.1656129
973,Male,4:24,16,5.8734472,124.8979544
974,Male,12:29,79,48.7114913,23.1850055
975,Female,15:51,50,45.1604718,14.7725567
976,Female,23:16,97,49.7291343,18.2354187
977,Female,8:50,48,-23.3233727,-46.7294577
978,Male,2:19,66,16.6900154,121.5455394
979,Female,12:32,25,49.7709133,17.1214423
980,Male,9:30,71,13.8274278,100.3666326
981,Female,2:25,91,31.491169,120.31191
982,Female,19:35,62,53.2408084,39.9633318
983,Male,5:53,32,26.6674,113.449709
984,Male,16:45,45,39.5421345,-118.5736924
985,Female,11:03,55,45.8272842,20.4615173
986,Male,7:24,12,57.3423349,13.7300442
987,Female,2:54,26,20.5599652,-76.9095647
988,Female,23:43,23,45.3098715,18.8818902
989,Female,20:32,29,12.8371919,-4.9221114
990,Male,1:01,36,14.5458392,121.0044883
991,Female,14:06,20,-6.9924,113.3859
992,Female,6:20,89,2.18873,98.61185
993,Male,18:54,18,29.1520649,120.3168231
994,Male,18:52,26,52.5177754,29.5970434
995,Male,3:08,41,52.7201592,30.569225
996,Male,0:51,70,13.9483457,100.791665
997,Female,13:20,14,26.497765,101.738528
998,Female,10:07,60,16.4588779,-15.6940454
999,Female,21:48,95,-10.1749074,123.9136675
1000,Male,21:50,75,25.290184,117.419998
