id,gender,military_time,age,latitude,longitude,location_danger
1,Female,21:05,32,45.588882,-70.903207,0.59
2,Female,14:23,28,34.9556581,135.272163,4.5
3,Female,15:56,38,38.7527042,-9.3330417,3.62
4,Male,6:12,74,46.215926,-63.0886099,0.8
5,Female,8:35,86,8.797145,-75.698571,4.56
6,Male,12:23,52,28.533752,100.270651,1.86
7,Male,10:42,89,47.1900322,102.8340449,1.43
8,Male,6:48,31,30.092022,121.936745,4.63
9,Male,0:43,51,32.9454027,-117.2399868,4.16
10,Male,6:40,23,48.7707356,2.0803619,4.13
11,Male,21:55,97,6.594633,125.400567,2.23
12,Female,20:42,28,-8.6182236,115.2276614,4.64
13,Female,18:00,12,29.859268,89.387008,4.76
14,Male,12:27,73,45.295075,130.969333,3.34
15,Male,18:11,10,53.0249087,23.0202458,0.65
16,Male,5:08,34,6.3203695,7.4083958,1.26
17,Female,8:54,24,59.3429221,18.0922798,4.37
18,Male,10:00,52,31.221597,121.409352,1.36
19,Female,6:56,64,39.871981,116.686439,4.36
20,Male,16:18,74,49.911732,20.8725617,3.4
21,Male,8:55,30,-8.5693726,118.6557911,1.98
22,Male,4:02,83,-6.2335134,107.1071,4.67
23,Female,8:52,15,28.043337,117.043407,1.54
24,Male,12:19,94,41.376241,19.7881955,2.58
25,Female,22:44,32,29.584292,111.380014,4.78
26,Male,23:46,77,50.7588162,17.8529769,1.28
27,Male,19:22,22,43.1043447,-88.0162724,3.17
28,Female,22:35,80,30.323586,120.195198,0.42
29,Male,12:06,97,48.1475145,37.297136,3.3
30,Male,14:26,84,14.5144041,121.0406718,0.23
31,Male,0:41,98,-8.1475732,112.718192,0.36
32,Female,1:05,70,45.4347317,-73.1728734,1.12
33,Female,19:00,12,38.6032329,-9.1057581,3.51
34,Female,23:06,65,45.8829678,19.9675163,1.3
35,Female,6:38,11,-6.7047889,111.6258282,4.67
36,Male,8:13,58,38.0162314,-8.6956768,4.43
37,Female,23:35,47,34.7478469,10.766163,0.26
38,Female,17:35,92,3.6618244,98.8114707,0.19
39,Male,14:30,13,34.9645166,-5.5663222,2.48
40,Male,21:45,33,40.8673649,20.3621596,1.91
41,Male,20:50,25,48.9479951,90.0133872,4.61
42,Female,8:36,15,13.3023013,123.6374208,2.56
43,Female,23:16,14,14.8288248,-86.5728785,0.37
44,Male,20:47,87,-0.931556,-78.60585,1.53
45,Male,6:45,68,12.8025919,45.0398942,3.82
46,Female,15:29,15,26.82808,114.835777,4.98
47,Female,11:05,15,32.060255,118.796877,2.1
48,Male,12:09,34,-3.1456879,-60.257396,0.48
49,Female,17:47,31,64.6789618,21.242165,1.06
50,Female,14:32,48,-7.0967,113.6588,0.05
51,Male,1:47,40,49.5562052,6.2862731,1.71
52,Female,15:16,30,46.58624,-71.20892,2.26
53,Female,6:36,31,38.414101,-28.339109,2.76
54,Female,7:38,49,-26.2922169,28.205089,0.25
55,Male,13:54,42,-9.7936959,29.0809012,0.78
56,Male,13:20,44,24.4752847,101.3431058,2.56
57,Female,6:32,40,39.646905,97.130625,3.4
58,Female,14:33,81,7.20312,124.796217,3.46
59,Female,0:43,37,13.0748766,123.7526021,4.25
60,Female,0:09,50,-6.7353,111.4931,3.7
61,Female,13:06,36,12.87678,44.99309,3.29
62,Female,18:38,24,49.2221045,-0.4440154,2.51
63,Female,0:59,52,57.5901299,11.9313139,2.09
64,Female,15:47,81,7.579029,-75.349545,2.68
65,Male,15:29,57,40.9109489,49.0729264,3.26
66,Male,4:34,81,50.22892,-99.46642,2.16
67,Female,3:39,27,-8.5003,115.0188,4.86
68,Male,5:39,25,49.0998215,17.757483,0.81
69,Female,1:53,61,31.825073,119.944048,2.88
70,Female,14:10,44,-7.6142101,110.692877,0.48
71,Male,9:22,67,-8.0934,111.9629,2.22
72,Female,9:34,39,13.783333,44.783333,4.96
73,Male,14:28,14,40.024639,122.711528,3.22
74,Male,14:38,10,49.7877327,37.1720386,3.93
75,Male,5:50,71,53.0641593,38.0521393,3.54
76,Male,14:33,42,10.4451778,9.2446093,1.2
77,Male,9:56,82,14.5937178,120.9676054,1.74
78,Female,11:28,44,41.0174461,-7.7750036,0.34
79,Female,5:28,37,-31.3746109,-64.1916038,0.85
80,Male,18:22,34,52.1682974,17.8955629,4.35
81,Female,15:10,19,42.3781869,-83.1059154,2.67
82,Female,18:55,93,40.7576842,23.1342184,1.48
83,Female,2:04,45,10.2644903,123.5842054,2.94
84,Male,6:37,10,-22.6475546,-47.1947232,1.68
85,Female,7:52,16,25.234479,110.179953,0.38
86,Female,3:55,62,16.5636498,-24.354942,4.85
87,Male,6:15,75,51.807911,35.2382519,0.25
88,Female,4:42,20,38.7285284,-9.4069248,1.92
89,Male,13:22,39,59.207544,17.8277745,1.06
90,Male,4:43,17,18.9133079,72.8228652,4.91
91,Female,13:34,22,55.3734577,26.2092274,1.12
92,Female,0:48,35,37.517256,101.225991,1.81
93,Female,23:38,19,43.704612,7.261933,0.17
94,Male,1:26,63,-8.605,122.743,1.88
95,Female,14:27,58,-8.5803424,116.3654707,2.2
96,Male,10:57,85,7.1065989,6.6878719,0.54
97,Male,5:37,68,-15.7665609,-70.2594346,1.89
98,Male,9:54,60,-6.7345601,108.2777899,1.59
99,Male,7:32,17,47.2299246,39.7503269,4.04
100,Male,19:35,52,40.667433,122.235084,0.62
101,Female,3:44,11,30.943659,120.934925,0.72
102,Female,7:47,69,57.9887927,56.1415665,1.25
103,Female,12:21,73,34.9645166,-5.5663222,0.03
104,Male,8:05,36,46.5450722,39.5813214,0.85
105,Female,18:01,67,26.312444,99.850365,4.05
106,Female,12:06,53,40.1336715,44.6507762,3.67
107,Male,8:17,54,34.481455,108.386208,3.2
108,Female,9:50,67,-25.0993621,-50.1584514,2.04
109,Female,15:56,97,21.270702,110.359368,1.08
110,Male,10:55,14,43.6805415,40.2100333,0.62
111,Male,8:57,28,-2.0983597,-79.6923047,2.53
112,Male,3:42,71,19.5269646,-72.2437813,2.43
113,Male,21:25,46,36.8903434,38.3500108,0.46
114,Female,6:51,39,30.651078,120.183168,2.02
115,Female,15:26,63,43.30706,124.33539,4.31
116,Male,20:55,55,10.323959,-74.961495,2.13
117,Female,10:33,47,6.3524753,124.9017692,1.77
118,Female,17:39,90,32.016539,35.068807,2.36
119,Female,22:30,93,40.505361,80.461556,3.36
120,Female,12:53,69,5.042569,-75.514771,2.21
121,Female,15:18,51,-7.1546275,108.7660364,4.02
122,Male,8:05,40,38.64501,65.68952,1.49
123,Female,14:49,18,36.533333,69.016667,3.72
124,Female,23:30,69,30.753924,120.758543,4.33
125,Female,23:04,58,23.2410273,-106.3949498,3.32
126,Female,9:42,67,42.0592298,21.4472756,4.9
127,Female,12:18,92,53.3914918,142.9582995,4.82
128,Female,22:31,22,-8.4766365,119.8805782,2.64
129,Female,8:48,27,-10.2024984,123.5988052,2.64
130,Male,15:39,14,56.3588787,23.2565415,3.44
131,Male,17:04,81,33.5760112,130.6627355,4.4
132,Male,1:21,52,45.8940717,-74.157934,3.03
133,Male,23:42,48,40.7093697,20.6973469,3.83
134,Female,6:01,82,8.9679001,-71.2740573,2.8
135,Female,10:42,24,-6.3077304,106.1831224,3.89
136,Female,14:03,63,14.6484972,121.0782757,3.28
137,Male,16:17,96,33.4646833,48.3389644,1.65
138,Female,17:53,24,7.1402468,40.7107871,4.55
139,Female,10:15,55,23.296786,113.823135,1.88
140,Female,12:29,61,-7.3000408,108.3682641,4.26
141,Female,20:18,83,13.9641503,121.655933,0.3
142,Male,15:12,80,-6.6572023,106.7057733,0.62
143,Female,17:19,51,29.743828,122.108265,4.97
144,Male,23:54,11,-23.3233727,-46.7294577,0.66
145,Female,10:58,73,54.3418823,10.1150681,1.12
146,Male,7:23,33,39.4721645,-8.5034561,1.23
147,Female,12:58,41,9.8247812,-68.4397551,2.32
148,Female,6:28,14,52.5429093,21.9001014,1.89
149,Female,21:47,69,-21.7414439,-48.6891129,1.73
150,Female,23:25,20,36.994225,99.598035,3.37
151,Male,9:04,36,30.798775,121.33638,0.24
152,Male,11:49,79,-8.3893,115.2605,4.19
153,Male,19:07,32,6.323976,-75.4985521,4.84
154,Male,19:51,62,32.655325,103.604698,3.77
155,Male,18:06,23,6.413801,125.61055,0.87
156,Male,5:09,60,33.786489,133.7255189,3.58
157,Female,7:55,92,45.0463269,38.8000344,2.17
158,Female,6:44,87,-25.9239093,32.465802,3.62
159,Female,6:39,42,39.134282,113.200971,0.05
160,Male,1:18,51,-20.4363727,-51.3050851,3.36
161,Female,5:59,81,45.7120639,19.6574694,1.25
162,Male,13:52,31,-20.7430332,-46.6096926,3.19
163,Male,8:29,55,43.2916776,-0.3696612,1.56
164,Female,13:35,88,21.2067429,105.4273093,4.7
165,Female,3:36,10,30.4231682,31.5654425,4.37
166,Female,20:32,98,50.9422707,37.8024687,1.21
167,Female,18:20,48,-23.006144,-46.8422385,3.68
168,Female,19:11,43,58.1295491,55.5405808,2.33
169,Female,9:40,46,34.272117,108.084731,3.67
170,Female,18:13,98,36.545015,104.138586,2.7
171,Female,12:36,68,30.572815,104.066801,1.34
172,Female,9:47,74,24.771797,103.290785,3.22
173,Male,9:08,52,34.2698909,108.9469437,3.28
174,Female,11:58,61,33.2667748,131.5110953,1.46
175,Female,3:51,14,29.606703,106.574271,0.04
176,Female,16:04,91,15.5678638,103.0241726,1.89
177,Male,8:27,55,26.263406,117.638678,3.97
178,Female,12:20,57,36.515,103.62,0.99
179,Female,16:42,69,47.8417718,-0.3419882,4.63
180,Male,18:42,70,13.1641308,100.9216588,0.71
181,Female,20:11,31,38.0878845,23.9761139,2.71
182,Female,6:28,24,8.287423,100.1927389,4.07
183,Female,7:20,23,40.798124,120.5550729,3.2
184,Female,23:06,20,36.1560347,68.0477509,4.63
185,Female,11:03,41,53.5659675,15.28454,0.62
186,Male,0:51,49,31.293061,111.207071,1.74
187,Female,0:43,82,8.5123871,123.2843256,4.35
188,Female,13:43,72,-13.65311,-73.95396,1.17
189,Male,10:51,79,-7.3590199,107.0362272,1.59
190,Female,17:43,26,7.1133648,125.6286673,0.91
191,Male,21:48,14,11.4385093,-85.9368423,3.66
192,Female,9:26,14,44.055922,85.38086,1.92
193,Female,12:07,96,35.8939566,117.9249002,1.54
194,Female,23:24,12,63.8898032,23.9240625,3.73
195,Male,9:07,50,-8.3728,113.4791,4.21
196,Female,15:49,73,-4.8768346,-80.9732924,0.79
197,Female,6:37,51,-27.7203552,-48.563999,4.19
198,Male,1:10,89,41.270347,123.174325,2.38
199,Male,5:43,77,44.9280296,4.8932938,3.85
200,Male,10:27,63,33.8462304,35.9019775,3.41
201,Male,4:19,75,67.2611001,15.3602308,2.77
202,Female,4:44,40,-7.5740867,112.28609,3.06
203,Male,17:22,26,27.8277,103.72828,0.0
204,Male,5:08,88,57.6983773,11.982711,2.6
205,Female,6:35,71,31.8577642,35.936274,0.18
206,Female,15:30,42,48.8231572,103.5218199,1.55
207,Male,5:00,11,-8.3488,123.6542,1.47
208,Female,6:27,27,15.3614928,120.530743,1.07
209,Female,22:37,58,46.737224,15.4424776,4.73
210,Male,2:35,74,46.6063814,15.7861748,3.84
211,Female,23:19,63,40.816453,-7.5454104,3.09
212,Female,15:36,21,37.9904219,23.6583002,2.15
213,Female,9:59,38,26.893368,112.572018,0.39
214,Female,13:55,10,-6.8897321,110.7480064,3.35
215,Female,16:18,62,-8.4478,123.5082,4.57
216,Female,14:44,58,30.02598,111.850777,1.85
217,Female,20:03,54,25.0248314,121.7408654,0.38
218,Male,2:07,80,35.6495457,63.9113296,1.89
219,Male,10:05,39,-6.5092532,106.8974964,1.24
220,Female,20:13,13,10.4452129,106.4729811,1.9
221,Female,16:49,56,32.983101,107.766613,4.02
222,Female,9:22,100,29.9246825,-90.0163544,0.6
223,Male,17:27,17,34.92715,36.12323,3.7
224,Female,8:51,59,-20.5360441,29.2814687,4.07
225,Male,22:57,97,-7.150975,110.1402594,0.17
226,Female,1:51,51,46.7530428,-71.2196569,1.45
227,Male,6:48,18,53.8386511,22.9882406,4.51
228,Male,3:51,16,1.48833,124.97444,1.36
229,Female,11:59,64,39.7467369,98.5069862,3.54
230,Male,20:07,68,40.2487413,72.1297653,0.68
231,Male,12:06,81,-7.5293844,107.9591094,2.49
232,Male,18:18,94,45.7376939,19.0070982,4.86
233,Male,6:54,87,45.4912891,20.6465628,2.84
234,Male,18:57,33,37.8163881,66.0285106,4.58
235,Male,18:51,91,47.1117538,96.6716809,0.66
236,Female,18:01,20,46.366234,127.010966,1.43
237,Female,12:45,26,29.8655146,121.4589773,2.44
238,Male,11:29,24,47.9838092,-4.0325499,4.51
239,Female,9:34,61,31.2303904,121.4737021,1.34
240,Male,20:38,10,31.491169,120.31191,4.6
241,Female,22:23,61,51.5111902,16.263731,4.51
242,Female,16:47,60,-5.4906936,22.274168,2.92
243,Female,10:33,40,29.367424,116.64395,3.63
244,Female,1:48,93,59.3796798,28.1791333,1.46
245,Male,14:58,50,7.7478359,-8.8252502,0.71
246,Female,0:13,16,6.488071,38.5217772,3.46
247,Female,15:35,34,-8.3027766,113.5222556,1.93
248,Female,8:20,19,25.9152,115.626796,0.32
249,Male,8:13,20,40.6140785,20.7778071,3.89
250,Male,15:30,98,49.9478668,19.8866771,2.01
251,Male,17:17,92,-7.8431154,110.3772042,3.57
252,Male,22:27,47,62.0249648,27.2057857,2.32
253,Female,7:38,47,24.47669,32.94626,1.0
254,Female,13:36,71,53.2252531,33.7298819,3.92
255,Female,2:24,60,-11.8764686,-47.6849007,1.5
256,Male,2:21,92,22.816884,115.830376,1.42
257,Male,1:45,60,37.9697625,140.7803658,1.63
258,Male,0:41,24,22.7129122,-83.0415078,1.6
259,Female,8:03,22,-33.240297,-56.016771,4.03
260,Female,14:15,97,35.6362613,139.5885895,0.75
261,Female,21:30,48,15.8278,120.4946766,1.3
262,Male,10:14,85,-0.7911388,29.924903,3.81
263,Female,13:37,39,33.25,10.2,4.12
264,Male,4:33,28,23.020673,113.751799,0.42
265,Male,12:12,93,40.4722617,-7.9751886,0.68
266,Female,11:52,46,54.914389,85.646652,0.13
267,Male,1:24,97,63.1204712,7.8745882,2.66
268,Female,3:34,29,21.3926035,-77.9053182,0.51
269,Male,19:34,29,35.1612182,-5.2632201,0.7
270,Female,5:36,68,35.3078775,136.6447089,0.28
271,Male,22:02,98,-32.9150009,-65.3749466,3.61
272,Male,5:12,61,59.9149479,10.7362308,2.25
273,Male,15:42,64,59.4051145,40.1445151,0.95
274,Female,16:18,95,34.58,-4.73,1.58
275,Male,23:07,68,39.5712613,45.9365615,0.42
276,Male,16:14,37,34.606756,119.19371,1.54
277,Male,11:48,19,47.3016629,38.9325712,4.18
278,Male,18:05,48,18.2712491,-78.0682254,2.73
279,Male,6:12,60,28.003553,96.657898,2.17
280,Male,12:57,71,10.5943971,-85.2017554,3.86
281,Female,4:34,48,20.6482704,-75.9289046,1.87
282,Female,1:14,84,18.3267954,-77.0075055,1.82
283,Female,21:19,85,-51.6211286,-69.2142863,3.02
284,Male,17:21,10,-6.9244162,112.4142453,2.35
285,Female,13:56,21,5.1970659,96.5076426,4.04
286,Female,2:40,27,18.6220301,-99.1559935,4.72
287,Female,18:15,27,49.1168862,16.5813788,1.18
288,Male,19:19,53,54.1,23.7,2.48
289,Male,10:07,72,46.814102,130.375062,0.4
290,Male,19:01,55,17.8886522,-76.3897733,3.85
291,Female,5:16,55,48.42647,-123.3227421,1.96
292,Female,22:58,28,-34.625324,-58.5187733,0.22
293,Female,12:00,16,37.16516,122.486657,1.7
294,Female,18:10,25,58.8484094,26.9399664,3.0
295,Male,15:45,97,59.4527156,18.091186,3.5
296,Female,19:57,77,32.540157,111.513127,4.41
297,Male,19:13,20,11.562733,124.3973046,0.61
298,Male,14:54,73,22.830192,112.074588,0.76
299,Female,17:11,10,46.2893452,28.6519897,1.66
300,Male,8:28,75,19.7633057,96.0785104,1.73
301,Male,10:30,88,39.8909584,116.325077,2.9
302,Female,17:48,88,7.160227,125.05806,1.67
303,Female,10:29,64,-5.4008202,105.2677562,1.04
304,Female,6:31,62,50.4853152,30.4983392,3.3
305,Female,23:29,79,-7.7037789,110.7465164,0.26
306,Male,7:19,22,28.488535,117.653994,2.21
307,Female,8:53,85,-6.6769374,107.0244171,3.42
308,Male,3:37,48,22.7325323,-12.4753205,3.21
309,Female,8:29,40,44.8209481,19.3850911,2.76
310,Male,23:28,63,25.689394,106.058692,4.07
311,Male,5:46,97,-29.7127463,-51.2422395,4.27
312,Female,1:35,80,-8.7223957,115.1767095,0.2
313,Male,0:20,34,14.6055216,121.1174129,0.63
314,Male,9:26,53,8.3663119,-62.6496813,2.39
315,Male,1:19,48,-0.7171778,36.4310251,2.78
316,Male,0:55,18,35.7455327,139.8831403,1.12
317,Female,4:16,10,24.546876,107.04219,1.29
318,Male,12:09,79,30.311056,112.255583,3.98
319,Male,8:28,24,47.7557543,39.9363328,2.36
320,Female,14:13,38,-8.3743231,124.7630307,4.63
321,Female,8:41,20,-6.3376,106.0164,1.47
322,Male,14:26,44,29.705077,116.00193,2.99
323,Female,3:20,85,41.764115,86.145298,4.4
324,Male,4:49,14,37.7688197,140.7154397,2.59
325,Female,18:29,18,34.668335,136.3670325,0.53
326,Male,20:32,67,25.49872,119.790168,4.16
327,Female,13:14,88,-28.6880903,27.4380189,0.68
328,Male,21:01,43,22.947532,112.823056,4.5
329,Female,17:26,59,30.979148,98.312889,2.88
330,Female,16:27,36,30.2733296,120.1672735,1.18
331,Female,19:30,99,54.4658152,19.9348453,1.55
332,Female,2:15,99,-9.5961614,119.5752764,0.15
333,Female,1:08,79,48.8048649,2.1203554,0.9
334,Female,19:27,10,-15.7994139,-47.9222179,0.49
335,Male,19:12,35,61.9919,-49.6572,0.25
336,Male,4:22,87,29.00701,117.62965,3.78
337,Male,3:54,71,5.4238154,-75.8185314,1.36
338,Female,3:23,16,47.7489727,7.3507066,4.47
339,Male,11:55,11,44.2441908,15.2513162,1.47
340,Male,22:07,96,-22.8262707,-43.0152252,2.32
341,Female,13:55,96,-2.2233633,-80.958462,4.34
342,Female,6:09,81,31.697512,121.424811,0.32
343,Male,4:58,27,32.501495,119.196466,1.09
344,Female,15:51,32,34.293171,108.946651,0.94
345,Female,1:46,57,51.8796,4.5059,4.84
346,Male,20:10,13,30.2382492,49.7064548,2.54
347,Female,12:55,36,33.09803,115.858361,4.72
348,Male,2:30,77,5.695633,-76.649812,1.79
349,Female,23:56,18,49.76647,-119.73568,4.91
350,Female,10:18,51,52.7643345,87.8895009,0.31
351,Female,12:58,59,-8.5437,115.1036,0.02
352,Female,11:51,36,6.7885037,124.8730516,3.01
353,Male,7:47,56,-6.7515973,107.9287898,3.19
354,Male,3:48,33,23.125735,113.964824,0.87
355,Male,23:24,90,14.9398,33.234,2.02
356,Male,19:12,40,-6.6355378,106.8490872,4.28
357,Female,23:34,36,19.6683311,105.4448838,0.96
358,Female,17:08,57,-8.4769874,123.0845277,1.37
359,Female,18:28,36,-15.3875259,28.3228165,4.18
360,Male,23:15,99,50.6627543,17.9265186,1.01
361,Female,1:18,94,31.236833,121.532286,0.23
362,Female,16:39,94,-38.9568843,-68.1247915,3.59
363,Female,18:40,39,48.51659,-53.08135,2.9
364,Female,18:43,32,-5.41667,-80.66667,2.82
365,Female,19:08,36,21.241735,-77.8267218,0.73
366,Male,3:05,58,-7.7920677,113.479098,3.09
367,Male,10:24,73,-8.1462,115.0596,0.67
368,Female,5:05,77,43.6953508,7.2559678,2.11
369,Male,8:22,49,55.72565,37.1635,3.37
370,Female,19:50,61,40.174881,123.52481,1.5
371,Male,22:20,44,-6.6409658,106.8030892,4.43
372,Male,15:46,27,6.2958736,101.7296049,2.82
373,Male,10:40,45,-6.9258108,107.6222719,2.05
374,Male,20:21,70,35.9704988,139.6477598,2.28
375,Male,22:02,87,29.684901,106.602255,0.19
376,Male,14:03,73,29.830962,104.848829,3.45
377,Male,3:14,17,31.8484611,130.260344,1.63
378,Female,20:07,23,7.2676037,-8.1447804,2.04
379,Female,13:30,36,15.670299,100.4846227,4.82
380,Female,16:14,18,34.258826,108.972883,1.55
381,Female,20:18,30,20.1564917,105.8736936,3.05
382,Male,17:04,11,49.4136066,16.5814019,3.53
383,Male,20:35,58,43.0717734,46.8488828,1.26
384,Male,11:04,30,-20.3139411,30.0549683,1.02
385,Female,17:43,25,41.2771802,-8.5427054,0.38
386,Male,20:14,64,-24.884645,28.299225,4.89
387,Male,5:18,96,-6.9661799,112.3561297,2.3
388,Male,23:38,72,49.4395013,20.5190522,2.12
389,Female,0:02,22,20.1564917,105.8736936,2.03
390,Female,0:30,37,47.6022755,6.2194418,2.59
391,Male,4:53,77,-13.7720906,-172.3899338,2.41
392,Female,5:16,24,59.0405545,52.3557986,0.28
393,Female,5:06,84,36.195409,113.116404,0.41
394,Female,4:12,77,13.7643349,122.9760543,2.71
395,Female,2:46,17,26,99.8333333,0.91
396,Female,15:05,56,39.174484,117.164388,3.25
397,Male,1:49,23,36.3326174,43.1076819,3.05
398,Male,13:05,62,29.926771,121.615088,3.25
399,Female,21:54,63,-9.8076,123.9023,1.37
400,Male,7:01,86,38.9583005,-104.7812654,0.42
401,Female,11:10,100,40.9937134,-8.2760021,1.44
402,Female,22:49,51,-6.4933318,106.8809319,2.63
403,Female,19:35,18,52.56166,17.82264,0.81
404,Female,17:55,93,14.6701,121.108226,1.78
405,Female,17:42,77,45.3934915,42.5902261,3.33
406,Male,17:59,25,14.7268634,100.7830826,2.5
407,Female,5:44,37,51.6396221,14.999633,1.65
408,Male,22:55,54,18.41253,122.133225,3.79
409,Female,6:04,28,5.3453369,95.8353837,2.37
410,Female,8:10,100,17.9213664,-87.9610905,1.93
411,Male,11:30,28,40.2627673,45.7004954,2.87
412,Female,7:36,28,48.9172739,31.719254,3.5
413,Male,3:34,90,-34.5727938,-58.5041922,1.67
414,Male,6:12,59,11.9415629,121.9426647,1.21
415,Male,23:12,59,16.99885,121.96434,4.34
416,Female,6:27,47,13.1225519,5.5053129,1.8
417,Female,16:02,82,-3.4590744,119.8815203,4.75
418,Male,16:34,59,55.615632,37.4668955,0.9
419,Female,23:29,90,30.914922,118.334359,1.55
420,Male,9:41,49,6.9815445,80.7647336,0.6
421,Female,16:38,56,-5.6596839,122.7802357,0.3
422,Female,0:58,36,53.180879,17.0835566,1.86
423,Male,10:41,14,23.021478,113.121435,4.37
424,Male,7:30,77,40.8440444,45.4714491,3.78
425,Female,17:59,57,32.19828,119.47016,3.37
426,Female,12:14,92,25.387227,98.43503,3.06
427,Female,7:44,35,14.5999366,121.012518,0.25
428,Female,0:30,72,55.086808,60.143301,4.13
429,Male,18:13,12,-21.2370782,-45.7592067,2.13
430,Male,10:39,51,61.3660499,22.0084795,0.76
431,Male,12:36,89,21.1962199,105.5708865,1.2
432,Male,9:18,39,34.75245,109.239163,4.55
433,Male,5:15,60,47.2265307,2.0598182,1.59
434,Male,7:59,44,30.6066166,30.8728615,1.81
435,Male,19:07,94,-7.4866757,107.485433,0.94
436,Female,21:03,48,4.345152,-74.361823,0.9
437,Male,17:12,20,9.9576111,-84.0284827,3.55
438,Male,21:53,87,38.47436,106.239679,1.47
439,Male,0:11,38,-6.3413734,106.5495683,0.99
440,Male,13:00,73,44.76324,17.19012,1.6
441,Male,22:26,33,9.0667013,-79.3873743,1.97
442,Female,20:26,96,41.6315023,19.9310781,1.33
443,Male,23:37,49,47.3016629,38.9325712,3.03
444,Male,13:24,76,-29.3632188,27.5143603,2.03
445,Female,21:29,76,50.0429768,46.8886722,2.85
446,Female,1:10,20,30.798775,121.33638,4.55
447,Male,1:24,97,18.8962696,-96.9417785,0.2
448,Female,6:33,23,38.47436,106.239679,2.38
449,Male,0:21,68,-23.4209995,-51.9330558,4.52
450,Male,18:47,65,-7.4066528,108.7719766,1.79
451,Male,6:52,77,55.813957,37.626119,1.58
452,Male,6:58,67,51.38494,30.19978,4.03
453,Female,6:27,70,37.1347927,-8.5351366,3.56
454,Female,20:44,35,12.6679167,123.9881642,3.35
455,Male,21:16,65,56.9154663,53.3224108,1.92
456,Male,3:35,18,54.7556556,38.8869951,3.23
457,Male,9:29,91,34.433333,69.666667,1.77
458,Female,4:53,81,38.807616,-9.4519959,1.1
459,Female,1:01,85,27.587249,118.473619,3.16
460,Male,15:21,94,44.1748191,17.6634251,4.36
461,Male,0:26,45,46.6698573,0.3697581,0.18
462,Male,18:50,13,7.916433,124.200182,2.92
463,Female,2:51,33,48.1067292,20.8193403,0.68
464,Male,2:25,43,46.204501,47.851999,3.94
465,Female,8:02,12,50.8169272,14.9688466,1.05
466,Female,5:11,49,38.7280454,-9.3225944,4.17
467,Female,7:20,76,32.5181019,120.2550167,4.74
468,Female,1:05,48,51.7597721,17.1196937,0.45
469,Female,15:00,84,27.3183333,100.1,0.1
470,Male,22:30,49,31.129098,120.839842,4.23
471,Female,20:43,30,0.9400761,30.8125638,1.57
472,Male,0:44,46,22.637151,114.012813,0.15
473,Male,5:15,23,41.923103,124.960413,2.26
474,Male,14:54,11,58.8578776,14.2134536,4.11
475,Female,20:59,84,41.1814553,-7.4179536,2.67
476,Male,11:16,63,-16.4708895,46.7164256,4.36
477,Male,21:25,15,-6.7146375,107.4765594,4.33
478,Male,6:53,88,8.4101505,20.6481794,1.14
479,Female,1:17,16,41.805699,123.431472,0.48
480,Female,21:17,88,49.6285187,94.3896275,2.01
481,Male,6:04,31,33.366735,117.541917,1.79
482,Male,11:53,11,-7.4726134,112.6675398,3.14
483,Male,8:51,26,-8.8954,121.1482,3.74
484,Male,19:20,67,26.433417,110.856622,4.83
485,Male,17:11,41,19.482042,-99.1985584,2.79
486,Female,3:34,66,-6.8292253,107.3532717,4.42
487,Male,20:23,65,5.2858205,-3.3036439,1.95
488,Male,10:35,45,13.5860809,-89.2918473,4.05
489,Male,11:31,91,27.100102,68.3711064,3.74
490,Female,15:44,90,38.9587954,-8.755077,0.92
491,Male,8:06,13,53.5234017,27.8299056,3.19
492,Male,12:28,72,34.746611,113.625328,1.46
493,Male,8:54,24,28.4233602,30.734995,2.94
494,Female,14:12,94,-15.4806094,-44.3642956,1.3
495,Female,7:59,25,38.3032384,23.7548814,3.78
496,Male,9:24,99,17.9073835,-77.0965442,2.42
497,Male,16:39,81,50.7062828,13.9466019,2.66
498,Male,5:25,17,48.8693156,2.3501981,0.45
499,Female,0:40,83,45.293877,41.0546109,1.68
500,Female,5:37,100,41.81194,20.05889,0.93
501,Female,6:11,99,0.4818193,31.0550093,0.27
502,Female,2:09,73,48.94153,-125.54635,0.13
503,Female,11:53,11,30.20003,115.038835,3.78
504,Male,10:54,31,13.4345789,122.6430631,2.87
505,Male,16:04,96,41.11028,21.01139,1.14
506,Female,1:07,50,50.3095461,17.5223977,2.75
507,Female,16:00,43,45.218223,18.7359718,0.09
508,Female,9:34,11,29.884053,121.494708,2.12
509,Male,19:35,25,24.4752847,101.3431058,1.82
510,Female,2:40,77,39.76389,66.9125,1.1
511,Female,2:00,92,26.1534361,119.9306863,0.27
512,Male,2:59,77,14.570844,121.0230236,0.27
513,Male,19:34,28,11.996688,125.4500814,0.02
514,Male,10:58,41,41.3009263,-95.8881542,1.77
515,Male,5:42,95,47.87809,86.98955,1.87
516,Female,10:36,65,49.7881321,6.0767949,4.97
517,Male,22:17,48,44.421459,43.003708,0.75
518,Female,11:56,88,54.13607,19.00874,3.61
519,Female,6:15,25,41.455932,118.106868,3.67
520,Female,18:53,79,49.0261841,1.1518478,1.16
521,Female,10:13,89,14.0804623,-90.3793599,2.18
522,Male,7:16,18,-11.3535985,40.3522402,4.2
523,Male,9:16,68,44.9248682,38.0110797,1.62
524,Female,1:23,47,15.61576,43.70228,4.78
525,Male,14:37,96,45.521519,3.5276642,2.8
526,Female,21:43,93,-7.0051453,110.4381254,3.82
527,Male,16:17,33,40.4369802,-7.9617993,0.8
528,Male,2:07,97,40.2047139,44.5128424,0.29
529,Male,11:33,32,14.152911,122.672945,1.51
530,Female,4:57,76,14.6688068,121.1138058,0.04
531,Female,16:30,22,32.7630282,12.7364962,3.94
532,Male,19:30,27,-9.7451212,124.6082018,1.71
533,Female,4:19,68,49.9164727,18.1627822,1.03
534,Female,15:17,40,4.9237913,-52.3205637,4.19
535,Male,7:00,46,-8.2531136,117.7959713,1.44
536,Female,22:54,23,36.040428,50.5446161,1.35
537,Female,1:20,41,49.3197453,17.0367923,3.11
538,Male,19:49,41,53.4249712,58.9688869,0.59
539,Male,19:43,99,-38.9568843,-68.1247915,3.82
540,Female,15:08,56,37.4703686,22.1773357,0.5
541,Female,18:32,47,-6.3396406,106.9889904,4.05
542,Female,20:08,99,49.8408677,35.3145782,1.45
543,Female,13:26,90,40.9357866,20.2899237,2.14
544,Male,5:51,49,43.0641899,141.4864943,4.57
545,Female,15:47,83,-8.2446702,123.1428348,0.94
546,Male,20:11,87,44.1640152,3.8481099,0.14
547,Female,16:04,35,31.5547633,-84.06035,1.27
548,Female,12:58,94,44.6233945,-73.5346134,1.06
549,Female,16:39,13,-37.0340769,-73.1404838,2.24
550,Male,21:13,31,66.6557632,66.3898319,3.41
551,Female,17:29,96,35.86166,104.195397,1.96
552,Female,2:44,63,52.6545685,41.4475479,2.85
553,Male,16:49,34,45.965631,121.86699,1.72
554,Female,23:51,98,12.6107413,122.2756648,2.26
555,Male,8:13,64,5.668899,-72.994095,2.56
556,Female,17:45,11,15.1385669,-23.2066909,0.31
557,Female,22:12,84,43.6522553,45.3106104,0.66
558,Male,19:56,88,59.8879013,10.802721,2.83
559,Male,14:51,35,29.528923,104.990101,1.05
560,Female,20:37,41,21.694896,110.307347,3.83
561,Female,23:12,66,5.3191534,-4.2564094,0.52
562,Male,16:23,78,-6.4048381,106.0140586,4.76
563,Male,1:18,43,37.189822,112.176206,2.42
564,Male,21:20,71,-9.4118909,124.4918988,2.27
565,Male,1:57,51,29.339476,105.287612,4.2
566,Male,7:23,71,35.0211643,33.1773203,1.84
567,Male,10:54,49,-7.3254723,108.207356,3.53
568,Male,17:45,32,53.4507552,84.1556369,3.53
569,Male,4:52,43,46.6380789,126.9919589,3.54
570,Male,14:28,67,13.559532,123.2715608,1.44
571,Female,2:44,74,47.7129895,35.533341,4.29
572,Female,11:01,37,28.228209,112.938814,3.36
573,Female,13:47,15,31.1446955,118.575306,4.01
574,Female,20:41,71,14.9817467,-87.8893383,3.36
575,Female,16:26,86,59.3582766,17.8838787,0.11
576,Male,9:41,54,-7.3441,108.2158,3.95
577,Female,22:45,65,40.0249257,44.4540632,3.3
578,Female,5:55,12,29.809116,119.781131,0.34
579,Male,2:56,74,37.5267674,15.0586639,0.15
580,Female,7:57,29,43.2467751,26.5761136,1.2
581,Male,1:52,88,35.4755834,44.4075911,0.23
582,Male,13:10,71,-20.344124,164.4393897,3.74
583,Male,10:25,45,-24.0021525,-48.3502883,0.24
584,Female,22:06,22,33.958503,112.170211,4.21
585,Female,20:42,34,-8.6885822,118.7678981,4.07
586,Female,0:16,54,23.404165,113.220218,1.46
587,Female,3:48,82,46.2686934,95.2732977,3.9
588,Female,20:34,27,8.8498948,99.4117197,3.04
589,Female,12:52,29,-6.86277,109.6222698,3.4
590,Male,0:30,88,-8.4412858,113.7870822,4.73
591,Male,14:13,90,16.1069981,108.2521815,1.88
592,Female,22:40,64,24.880992,118.71899,4.27
593,Male,14:59,58,44.6711569,20.5029521,1.69
594,Female,6:41,11,57.4570045,48.5429875,3.74
595,Female,2:31,81,6.8429422,7.3732655,2.53
596,Female,7:41,82,50.7643672,21.6390801,2.0
597,Male,14:48,88,-11.388934,43.390991,2.09
598,Male,21:40,69,19.2199,-70.81905,2.34
599,Female,0:33,37,-6.806232,110.890105,0.82
600,Male,3:48,87,-31.782493,-70.9607105,2.36
601,Male,7:03,25,16.2107446,102.4839212,1.59
602,Female,0:45,83,-7.6492089,111.4395128,0.94
603,Female,14:40,35,50.5089112,26.2566443,2.92
604,Female,12:28,82,3.8144237,-76.247912,3.32
605,Female,11:34,41,-4.4238447,26.6700737,0.44
606,Male,20:59,81,52.4908529,20.7239452,0.34
607,Female,8:03,24,11.0480972,124.3824669,0.37
608,Female,21:48,92,1.5592261,99.0792263,1.82
609,Female,1:12,40,14.5715303,121.0235132,0.86
610,Male,0:50,10,6.0593972,124.4870869,4.73
611,Male,20:12,12,40.458916,-7.8775484,4.03
612,Female,3:08,55,39.9996674,116.3264439,4.16
613,Male,13:56,90,32.060255,118.796877,3.82
614,Male,6:12,47,6.9185192,79.9390794,0.67
615,Female,16:17,88,43.4945737,5.8978018,2.07
616,Female,6:30,79,16.1797497,107.7215969,2.4
617,Female,16:41,32,0.10144,127.43402,0.34
618,Male,11:19,33,41.027474,21.335741,0.91
619,Female,12:33,69,32.253408,111.728218,2.07
620,Male,11:21,30,-8.5139,122.541,1.92
621,Male,22:30,58,67.278155,14.4159346,1.79
622,Female,19:13,43,61.1331274,74.8362662,4.1
623,Female,21:56,26,40.533557,19.5954894,2.68
624,Female,0:22,96,26.319938,113.810157,3.17
625,Male,19:51,79,59.2889777,18.3689021,0.69
626,Male,16:31,18,41.0909864,-8.4901287,2.4
627,Female,11:59,94,-6.5978669,106.635025,0.68
628,Female,15:14,54,-8.614365,120.466499,2.84
629,Female,21:36,44,39.95,-75.16,4.28
630,Male,2:50,97,62.6274285,23.8122978,3.51
631,Male,14:57,94,26.6761327,31.4945887,1.57
632,Female,3:48,48,23.6474523,94.4027782,1.77
633,Male,17:42,100,-15.2982834,-69.9818327,3.88
634,Female,4:31,18,38.8974442,-77.0296868,0.58
635,Female,5:28,16,0.7821696,120.5307881,3.53
636,Male,22:42,77,56.3996976,61.8799755,1.92
637,Female,17:40,19,41.4636032,69.1809574,1.18
638,Male,14:05,23,54.2681766,-110.7200371,3.48
639,Male,7:02,53,8.1393408,4.7174062,3.84
640,Female,0:32,49,47,77.26667,3.83
641,Female,4:16,72,59.7457795,29.623955,2.4
642,Female,17:12,91,3.9671435,103.40391,3.83
643,Male,9:00,20,-7.4178714,108.6917922,3.34
644,Female,18:00,71,14.5655642,121.032693,4.33
645,Female,19:40,17,45.4131077,79.917079,1.84
646,Female,3:16,27,57.708244,27.8608831,4.82
647,Female,10:10,33,40.798124,120.5550729,1.23
648,Female,15:01,19,48.8129209,2.2385405,2.55
649,Female,10:39,51,59.021857,10.083357,1.13
650,Male,18:28,71,63.8310311,20.2434458,1.33
651,Male,2:09,18,-6.2916321,106.9593926,0.72
652,Female,16:41,71,49.4562624,20.2835741,1.43
653,Female,20:53,24,23.199183,113.256439,4.26
654,Female,17:04,85,54.2618911,36.15775,1.71
655,Female,13:39,96,19.4838854,-99.1135903,2.41
656,Male,1:44,34,38.4613914,70.7896966,2.47
657,Male,4:45,70,55.5449766,13.953453,4.37
658,Male,22:52,100,-14.2697392,-170.6618234,3.33
659,Female,9:17,93,-8.7393595,-35.4562795,1.61
660,Female,21:23,98,48.8505771,2.4273906,2.54
661,Male,8:47,53,48.019573,66.923684,1.91
662,Male,5:09,72,50.111779,18.7966419,3.79
663,Male,22:59,73,34.909793,108.980102,4.05
664,Female,1:09,53,5.3523231,100.3573891,0.04
665,Male,6:31,58,18.4529003,105.7644596,3.51
666,Male,1:12,59,-6.9547303,107.3787448,1.15
667,Female,11:53,38,24.171911,115.331919,2.85
668,Male,10:40,65,40.2365225,-8.5110798,1.22
669,Male,20:09,72,55.4857103,60.8751953,4.66
670,Female,4:49,34,26.82808,114.835777,2.14
671,Male,4:29,78,45.9773921,39.3668159,1.84
672,Female,20:58,93,12.5794519,3.8938528,3.57
673,Female,3:57,94,34.326903,108.117456,4.19
674,Female,21:41,43,30.600064,114.309091,3.58
675,Male,0:18,26,30.107387,121.402682,1.44
676,Female,16:51,52,43.047003,26.3391256,3.99
677,Male,2:47,59,61.0678389,22.5515075,0.73
678,Female,10:40,45,38.9423498,-9.3447224,1.96
679,Male,13:17,39,41.2592586,-8.3332193,4.14
680,Female,5:56,95,-30.4015687,27.7080133,2.05
681,Female,15:09,56,-20.2884188,57.3779066,0.89
682,Male,21:59,66,-4.0644217,35.3548545,4.35
683,Female,7:13,16,-8.4592507,-76.4619911,1.49
684,Male,18:10,61,55.4055305,38.2447393,0.99
685,Female,10:16,17,36.649364,51.4887307,1.58
686,Female,14:33,51,38.9814589,139.934112,1.77
687,Female,21:28,59,14.602493,-90.5279231,1.94
688,Male,15:20,51,-18.3958665,-40.1862129,1.88
689,Male,0:40,73,45.089753,-64.3623382,4.17
690,Male,11:11,32,29.432849,110.923502,0.64
691,Female,7:46,95,14.5697429,121.0190818,2.32
692,Female,2:04,15,18.3417854,-99.5171206,1.52
693,Male,10:07,87,12.3856506,125.3027214,0.83
694,Female,23:50,25,23.701262,117.430061,2.96
695,Male,19:53,40,45.2957261,18.6218398,0.69
696,Female,16:34,24,6.3726849,125.1367621,2.38
697,Male,16:04,36,41.2357155,-8.4171648,0.06
698,Male,1:01,71,35.907757,127.766922,4.13
699,Female,17:54,34,-31.3950849,-64.2390612,3.72
700,Male,4:53,70,41.7268086,129.6850661,1.85
701,Female,9:05,60,-19.9433029,-44.3413836,0.17
702,Female,6:04,37,41.4252912,-8.5601403,1.48
703,Male,9:17,23,21.241735,-77.8267218,0.53
704,Male,6:25,58,10.148976,-73.960233,2.66
705,Male,20:11,46,44.026332,125.88298,3.6
706,Male,1:52,36,-5.5844754,105.4771084,2.14
707,Male,18:12,99,-8.0119417,111.8941208,2.41
708,Female,17:54,67,-6.2433851,105.9200531,3.67
709,Female,14:12,73,60.1996809,24.8958285,0.06
710,Male,0:57,80,-6.7836529,111.1384418,3.15
711,Male,18:09,56,13.3888199,102.1175404,4.9
712,Male,10:49,18,50.2895924,17.3087111,2.24
713,Male,7:45,97,-38.9396947,-68.2376186,1.74
714,Female,16:55,57,49.794945,17.865273,1.25
715,Female,7:49,61,14.9380064,121.0208817,0.53
716,Male,18:34,56,24.660261,112.297428,0.3
717,Male,20:36,97,-7.7766561,112.1579249,2.31
718,Female,22:47,36,14.5694485,121.1877062,3.3
719,Male,9:29,53,61.5071877,26.4821156,4.29
720,Female,0:13,13,46.280212,-0.4601725,3.52
721,Male,18:45,71,44.32554,133.48134,2.05
722,Male,11:55,61,-6.8618246,106.8606139,2.04
723,Female,2:39,80,25.648962,111.675265,1.61
724,Female,12:22,97,45.4885295,41.1600688,3.71
725,Female,10:46,86,-7.4111208,108.1221146,1.6
726,Female,10:34,56,-4.9652806,23.4478441,3.54
727,Male,17:41,29,29.7440687,106.9762193,3.19
728,Male,6:45,87,29.270311,88.880492,4.57
729,Female,17:14,92,5.9295558,-0.9725085,0.37
730,Male,8:33,36,43.25,67.65,2.95
731,Male,18:58,95,25.941937,117.365052,2.77
732,Male,3:36,57,-8.7517433,122.0183914,1.37
733,Male,4:52,39,-7.8426533,110.3859913,1.44
734,Male,14:10,56,12.2200003,123.4869995,2.7
735,Female,7:42,97,22.993423,113.718807,1.26
736,Male,22:37,74,45.180548,0.768949,0.08
737,Female,1:18,42,-7.1281508,-76.6506567,0.0
738,Male,22:02,65,41.217649,123.1966721,4.49
739,Female,0:23,91,-31.3854988,-57.9600793,3.48
740,Male,15:34,57,-25.0324274,25.7486438,3.98
741,Male,4:27,48,13.9702519,100.6035503,1.02
742,Female,22:16,29,8.5914775,16.0757749,3.79
743,Female,7:40,15,10.332444,4.464398,0.22
744,Male,9:51,28,30.916426,118.734651,1.83
745,Female,7:36,82,41.399671,-8.4737713,4.78
746,Male,8:51,12,34.75245,109.239163,2.88
747,Male,15:54,27,51.55352,118.3446,4.78
748,Female,7:47,98,11.383932,107.5386809,0.86
749,Male,0:06,68,49.243003,2.510652,4.93
750,Male,12:15,95,30.3312397,120.1534039,1.49
751,Male,4:57,96,6.1205312,-75.2803017,2.81
752,Male,7:24,99,55.0359955,61.3717568,3.69
753,Male,7:13,98,22.795672,-82.5131717,4.44
754,Male,10:36,91,9.1261664,-12.9176518,4.53
755,Female,20:03,89,48.47092,24.94678,2.62
756,Male,3:53,90,69.63186,18.9221,0.71
757,Female,3:44,32,-17.4850319,16.3287199,1.69
758,Female,6:00,63,-7.0631844,107.7843483,4.12
759,Male,14:10,17,13.5497754,100.2740821,0.94
760,Male,12:26,26,46.06257,90.144596,2.03
761,Male,20:12,95,41.0394198,-8.5359207,2.72
762,Male,10:01,14,29.705077,116.00193,0.33
763,Male,10:12,67,5.2843859,-75.259705,1.17
764,Female,18:20,52,51.114514,22.3898739,1.08
765,Female,22:06,63,41.8784851,-87.627893,3.62
766,Female,21:40,51,22.517585,113.39277,2.22
767,Male,1:33,22,47.9838092,-4.0325499,0.43
768,Female,14:34,72,50.3907682,17.0027214,4.19
769,Male,6:18,16,8.433959,-69.177223,1.67
770,Female,2:45,74,12.2270347,123.2823247,0.69
771,Female,19:58,23,13.9448964,-86.8508942,0.15
772,Male,5:37,24,-0.4050276,100.9354944,3.39
773,Female,0:21,33,-34.4418692,19.4538014,1.13
774,Male,9:51,34,29.830962,104.848829,3.87
775,Female,5:11,27,-6.9704825,111.4350413,0.55
776,Female,13:56,68,25.6218514,51.0835811,3.17
777,Female,5:24,47,50.9811092,17.0357954,2.75
778,Female,2:53,99,58.9482486,23.5370533,0.77
779,Male,17:38,31,39.07,-84.53,4.91
780,Female,6:12,100,52.6053795,39.5788904,4.31
781,Male,18:53,97,34.208655,107.788999,4.41
782,Female,0:39,45,37.7985543,139.189766,3.34
783,Male,14:21,41,9.442426,123.236968,4.83
784,Male,3:06,83,-34.7791734,-55.2314448,1.29
785,Female,18:34,73,44.4421587,8.7866738,1.39
786,Male,15:23,100,31.238854,121.331694,4.03
787,Female,18:01,55,48.0147763,15.2299747,2.19
788,Male,17:33,64,53.8917777,15.7118669,1.4
789,Female,23:11,49,-7.633333,108.133333,1.0
790,Male,23:41,56,44.0570174,4.0057868,0.63
791,Female,8:06,43,18.2855395,99.5127895,0.41
792,Male,23:46,72,-3.361378,29.3598782,1.79
793,Male,21:52,37,-8.512723,115.0906448,1.16
794,Male,6:13,58,52.3979454,23.8257811,4.91
795,Male,8:10,56,-11.7956851,-37.9447996,3.88
796,Female,8:25,95,28.642843,111.161288,1.41
797,Female,23:00,97,39.21074,101.66898,4.63
798,Male,6:40,67,34.683646,112.469023,4.52
799,Female,9:49,60,47.5155739,40.8140313,4.67
800,Male,1:18,83,22.568299,113.485598,3.91
801,Male,2:55,63,32.610076,101.529663,0.63
802,Male,17:03,28,4.809984,-74.354009,3.68
803,Male,2:20,14,14.6639812,121.022408,2.13
804,Female,16:36,96,28.97844,117.151796,3.69
805,Male,10:04,84,31.245723,118.549164,3.27
806,Male,9:56,53,-4.083144,137.179103,0.26
807,Female,4:44,94,18.8104433,-71.2236939,0.76
808,Female,11:53,83,33.772391,106.079271,2.46
809,Male,0:03,97,28.190756,113.038578,3.19
810,Female,10:22,11,53.2691975,29.4765175,3.27
811,Male,17:53,38,13.8093174,-87.2593454,4.29
812,Male,6:17,84,10.5083266,106.8635004,2.83
813,Male,2:08,55,48.659828,102.625198,3.84
814,Male,15:56,70,-9.8691816,124.6662951,0.54
815,Female,1:13,78,14.565668,121.0317737,2.99
816,Female,11:44,76,52.5077777,5.4757709,4.42
817,Female,20:45,32,22.9627499,90.1838976,0.25
818,Female,20:33,48,27.3306951,103.7137773,3.52
819,Female,7:03,88,52.7374494,20.7171134,4.75
820,Male,18:57,54,-18.2898667,32.043969,3.31
821,Male,6:33,95,24.781681,118.552365,2.57
822,Male,16:04,27,-10.2689776,123.6755579,4.6
823,Male,9:31,68,57.9901314,56.2090194,1.3
824,Female,23:29,68,40.0534636,44.5135399,2.06
825,Female,2:05,26,-7.0058265,107.6306684,4.83
826,Female,13:18,59,34.67719,73.02329,0.37
827,Male,4:27,22,-34.5484605,-58.5717015,0.25
828,Female,6:31,91,2.9878652,101.549066,0.19
829,Female,10:04,58,58.4755075,13.8583744,4.84
830,Male,14:24,35,11.2533569,122.7339098,2.03
831,Female,3:03,11,9.673631,123.326062,3.92
832,Female,3:28,65,50.3575196,21.5421579,3.52
833,Male,22:47,23,-3.9257199,29.9899512,4.61
834,Male,13:42,95,-29.7132471,-52.8312661,3.85
835,Male,3:49,17,21.244721,110.455332,0.81
836,Male,14:28,91,30.701369,111.98348,4.41
837,Female,14:29,58,49.6488646,1.7314818,2.77
838,Male,14:02,38,-1.7864953,37.6311071,0.83
839,Male,5:19,48,-17.8766507,30.6775054,3.61
840,Female,2:11,11,62.4232512,21.4744125,0.28
841,Male,3:42,50,38.5833406,-9.1500588,4.9
842,Male,20:48,31,32.036154,96.842945,2.83
843,Female,11:08,80,47,77.26667,3.99
844,Female,11:57,27,-6.813931,108.1784455,1.14
845,Male,3:49,76,-29.5137043,-51.99249,1.22
846,Female,21:29,37,50.2867981,16.0442852,0.89
847,Male,12:37,79,53.32112,-6.2398782,1.79
848,Male,14:15,82,-7.5450262,111.6556388,0.93
849,Male,18:57,88,35.0725969,138.9363063,4.15
850,Male,23:46,30,37.9380499,22.836589,2.35
851,Female,1:02,42,-10.5398609,121.9387783,3.22
852,Female,12:57,23,-36.6062618,-72.1023351,2.86
853,Male,5:24,65,41.2511521,-8.3148854,1.49
854,Female,19:01,93,40.7172049,-8.3625148,2.21
855,Male,18:12,93,49.2215531,16.2941515,3.9
856,Male,19:36,72,32.993182,110.425983,0.62
857,Male,15:52,81,11.0990419,122.6533918,2.12
858,Male,7:37,16,45.764339,4.768427,2.81
859,Male,22:10,18,40.546361,117.659499,0.76
860,Female,11:09,32,52.1350237,83.3181593,0.67
861,Female,0:24,46,55.69153,37.493374,0.61
862,Male,6:18,36,52.4506032,19.6362734,4.73
863,Female,10:22,83,-11.7602273,27.2499749,3.44
864,Female,5:12,24,15.1048617,120.9216776,3.87
865,Female,8:21,40,-7.7285206,110.7897275,1.85
866,Female,23:53,41,49.8417042,5.1214901,2.97
867,Male,21:57,81,54.1858234,32.6467726,2.07
868,Female,10:43,82,16.1131855,103.9056032,2.99
869,Female,23:20,15,-6.6906402,-35.5000999,1.61
870,Male,6:27,52,-26.4417804,31.9416226,2.29
871,Female,5:52,32,18.3653596,-76.8922729,3.39
872,Male,12:05,72,-7.6411786,112.6377432,1.39
873,Male,19:42,21,1.140872,-77.8645669,3.63
874,Female,20:55,18,40.025532,44.5593439,0.83
875,Female,4:30,28,-8.3014,123.4519,1.36
876,Female,1:57,17,14.6861696,120.9975866,4.63
877,Male,11:32,10,47.182723,123.00932,0.78
878,Female,3:37,88,10.3696393,-66.9571026,1.25
879,Male,20:06,56,16.2725431,107.9394761,2.25
880,Female,2:42,76,42.0469772,19.8960968,0.87
881,Female,12:25,11,46.08336,-73.18245,3.84
882,Male,19:13,54,34.326903,108.117456,1.72
883,Female,21:52,88,27.8120208,66.6116916,3.24
884,Female,14:08,49,2.9614905,98.2705298,4.78
885,Female,9:51,27,14.570924,121.0276584,4.54
886,Female,22:31,11,-1.6196441,13.6015463,2.6
887,Male,21:37,53,8.1180013,123.9864049,2.98
888,Female,0:02,95,-8.7678593,160.6960306,2.08
889,Male,12:50,24,56.8593954,16.8197697,0.88
890,Male,10:28,18,39.2008462,125.6765362,2.41
891,Male,18:31,35,33.570769,117.015187,3.04
892,Female,16:26,63,44.8948219,19.8640376,3.34
893,Male,19:57,100,57.6734233,14.9774312,4.41
894,Male,18:46,83,-12.1695811,44.40047,4.13
895,Female,0:27,18,47.31878,130.274684,4.33
896,Male,8:26,97,1.0565562,124.4946697,4.3
897,Female,22:27,32,55.86667,37.5,2.72
898,Female,21:26,14,-31.6577222,-60.7829517,4.89
899,Female,15:36,20,41.5654743,-8.408069,4.7
900,Male,17:59,96,-24.988061,25.3430203,3.79
901,Male,19:21,74,-3.3973104,38.5559336,2.41
902,Female,19:02,48,45.79817,109.31826,3.13
903,Male,1:01,21,-7.7798092,110.3562018,4.0
904,Male,7:18,63,-8.0914709,112.718192,4.36
905,Male,10:25,43,51.811764,18.7885677,1.99
906,Male,10:28,65,-20.326049,57.7700645,2.71
907,Male,21:38,17,59.7414102,10.2299413,1.24
908,Male,12:16,74,51.6631882,19.489958,0.88
909,Female,13:43,49,38.238247,114.491954,0.58
910,Male,4:05,36,1.7145909,127.9678652,1.23
911,Female,1:01,12,0.66643,-76.87192,2.46
912,Male,23:00,100,-6.9011055,113.7543578,4.15
913,Female,13:04,58,43.4945737,5.8978018,3.16
914,Male,2:46,54,18.8962696,-96.9417785,3.38
915,Male,4:55,72,8.4478637,-65.3807101,3.74
916,Female,19:06,12,43.9760578,17.5275042,1.09
917,Male,21:36,42,47.1036608,0.3010983,0.16
918,Female,10:46,95,-11.7659957,-75.4723411,1.11
919,Male,22:23,23,29.1082924,119.6364468,1.8
920,Female,14:22,73,-7.2792087,112.7657727,2.94
921,Male,9:20,84,39.8914201,-8.767762,4.14
922,Male,10:44,12,47.0163969,-68.1430029,0.56
923,Female,11:07,31,23.1635991,-82.2854848,1.44
924,Female,2:32,34,16.0213558,100.417181,3.08
925,Male,22:45,64,57.5002589,12.7091837,2.45
926,Male,21:34,16,25.7572143,-102.9838564,2.2
927,Male,18:42,19,40.3698651,48.1644626,2.42
928,Female,2:35,74,46.424008,123.674166,1.46
929,Male,17:30,87,33.404544,114.418181,0.62
930,Male,18:53,34,8.3839026,123.2857418,3.06
931,Male,14:39,15,49.2030849,25.9034702,4.55
932,Male,22:16,90,29.756501,121.507191,4.43
933,Male,19:23,48,14.160407,-87.0399404,1.36
934,Male,20:32,28,53.3604483,-6.1942058,2.52
935,Female,22:13,54,8.6899208,6.663812,3.09
936,Female,4:44,47,19.716697,100.226423,4.41
937,Female,13:19,36,35.3158333,80.9158333,1.06
938,Male,12:39,24,43.6227518,1.5256514,4.97
939,Female,4:53,37,49.5730119,22.0608204,0.03
940,Male,3:10,30,42.4576548,-2.4407498,2.61
941,Male,16:39,36,40.2544003,44.6027766,1.86
942,Female,18:37,24,32.72692,67.63696,0.87
943,Male,7:41,68,24.168957,102.405819,1.3
944,Female,13:48,66,13.81967,100.0601382,4.01
945,Male,7:29,44,48.5264861,25.5701022,0.6
946,Male,18:45,83,8.7504833,124.7798258,1.81
947,Female,20:45,62,32.40792,35.70802,4.2
948,Female,12:21,71,58.5469521,15.0353001,2.03
949,Male,19:22,71,5.6810774,95.1171505,2.24
950,Female,23:30,25,28.533752,100.270651,3.31
951,Female,11:58,90,39.7553682,-8.7451818,1.73
952,Female,8:53,92,-22.0157824,-47.8847321,1.56
953,Male,11:53,60,30.2733296,120.1672735,0.28
954,Female,21:02,95,-33.0095283,-71.2595888,0.07
955,Female,7:13,90,50.1801755,28.7362455,1.17
956,Male,23:55,69,39.4825368,-8.609605,1.57
957,Female,21:17,15,5.082453,-73.365046,3.95
958,Female,20:12,28,49.7578885,15.4826417,2.03
959,Female,21:08,34,46.589309,125.103784,2.03
960,Female,11:19,43,-7.1501862,108.8105899,1.38
961,Male,0:19,90,43.7365869,27.2601131,2.17
962,Female,6:26,80,35.963912,105.729085,2.41
963,Male,6:44,89,-7.5904342,108.7630664,1.41
964,Female,11:41,80,-7.6185371,110.6013327,4.72
965,Male,18:07,49,-8.1565483,-35.3685679,2.92
966,Female,11:40,47,-26.4822209,-49.073477,3.26
967,Male,11:51,65,-7.1757667,111.5811123,3.75
968,Female,17:57,82,16.5662,121.263,3.94
969,Female,10:50,38,43.05207,58.84596,1.73
970,Male,9:33,24,5.98111,121.21472,4.13
971,Female,15:46,43,44.1675867,2.0308233,4.39
972,Female,15:07,62,39.3131016,-9.1836701,1.29
973,Male,5:21,63,-22.3595631,-47.3853435,4.07
974,Female,0:42,34,39.50308,64.81142,3.88
975,Male,4:09,26,-38.9156735,-67.9800178,4.88
976,Female,12:34,30,37.1212974,79.9088564,3.14
977,Female,9:54,76,32.8718172,36.574293,2.16
978,Female,5:19,66,20.9425179,-17.0362272,2.11
979,Male,21:33,10,34.348841,118.993664,1.43
980,Male,3:43,67,-14.51688,-71.88636,2.72
981,Male,16:44,73,56.6226418,15.5189476,0.93
982,Female,12:19,59,56.7458379,24.4061069,2.52
983,Male,14:40,10,48.1717603,27.2980562,1.5
984,Male,16:11,63,12.926603,100.949131,0.12
985,Male,22:10,38,28.947331,111.633245,1.54
986,Male,1:07,38,-7.4039153,112.7718209,3.09
987,Male,19:40,72,44.0264621,5.0852479,4.04
988,Female,6:41,66,-7.5699505,108.932395,1.66
989,Male,14:02,14,32.3196827,15.1025075,3.36
990,Male,4:02,55,57.9331563,55.34672,4.7
991,Female,16:58,24,-1.3928344,-78.4268758,4.45
992,Male,6:12,98,43.4945737,5.8978018,4.73
993,Male,17:36,16,58.4633132,36.4116086,1.14
994,Female,5:04,41,43.53121,1.402934,3.29
995,Male,22:38,54,10.74044,-74.755272,0.13
996,Female,3:34,30,59.853262,17.6356163,4.67
997,Female,3:23,37,39.405075,117.441505,2.25
998,Female,19:24,77,51.7181762,17.7257496,2.92
999,Female,19:08,73,20.7019477,105.3306814,0.38
1000,Female,11:03,31,-6.3517979,106.1078627,4.59
